-- phpMyAdmin SQL Dump
-- version 4.4.15.10
-- https://www.phpmyadmin.net
--
-- Host: localhost
-- Generation Time: 2021-05-15 12:22:06
-- 服务器版本： 5.7.33-log
-- PHP Version: 7.3.27

SET SQL_MODE = "NO_AUTO_VALUE_ON_ZERO";
SET time_zone = "+00:00";


/*!40101 SET @OLD_CHARACTER_SET_CLIENT=@@CHARACTER_SET_CLIENT */;
/*!40101 SET @OLD_CHARACTER_SET_RESULTS=@@CHARACTER_SET_RESULTS */;
/*!40101 SET @OLD_COLLATION_CONNECTION=@@COLLATION_CONNECTION */;
/*!40101 SET NAMES utf8mb4 */;

--
-- Database: `xk`
--

-- --------------------------------------------------------

--
-- 表的结构 `college`
--

CREATE TABLE IF NOT EXISTS `college` (
  `id` int(50) NOT NULL COMMENT '学院id',
  `name` varchar(50) NOT NULL COMMENT '学院名称'
) ENGINE=InnoDB AUTO_INCREMENT=8 DEFAULT CHARSET=utf8;

--
-- 转存表中的数据 `college`
--

INSERT INTO `college` (`id`, `name`) VALUES
(1, '电气信息学院'),
(2, '建筑管理学院'),
(3, '土木工程'),
(4, '建筑学院'),
(5, '经济管理学院'),
(6, '艺术设计学院'),
(7, '人文学院');

-- --------------------------------------------------------

--
-- 表的结构 `config`
--

CREATE TABLE IF NOT EXISTS `config` (
  `id` int(11) NOT NULL,
  `bgcolor` varchar(16) NOT NULL,
  `islizi` int(2) NOT NULL COMMENT '0 不加粒子特效 1加粒子特效'
) ENGINE=InnoDB AUTO_INCREMENT=2 DEFAULT CHARSET=utf8;

--
-- 转存表中的数据 `config`
--

INSERT INTO `config` (`id`, `bgcolor`, `islizi`) VALUES
(1, '#009988', 1);

-- --------------------------------------------------------

--
-- 表的结构 `course`
--

CREATE TABLE IF NOT EXISTS `course` (
  `cid` int(11) NOT NULL,
  `cname` varchar(32) NOT NULL,
  `detail` varchar(40) DEFAULT NULL COMMENT '课程简介',
  `score` int(2) NOT NULL COMMENT '课程学分',
  `major` int(2) NOT NULL COMMENT '所属专业',
  `college` int(2) NOT NULL COMMENT '所属学院',
  `cyear` int(2) NOT NULL COMMENT '所属年级',
  `class_start` datetime DEFAULT NULL COMMENT '开课时间',
  `class_end` datetime DEFAULT NULL COMMENT '结课时间',
  `status` int(2) NOT NULL COMMENT '课程状态 0 未在选课中 1 已在选课中',
  `place` varchar(20) DEFAULT NULL COMMENT '上课场地或教师',
  `type` int(2) DEFAULT NULL COMMENT '0线下 1 线上',
  `number` int(3) NOT NULL COMMENT '该课程可以被选的总数',
  `selected` int(3) NOT NULL COMMENT '已选的课程数',
  `notselected` int(3) NOT NULL COMMENT '剩余的课程数'
) ENGINE=InnoDB AUTO_INCREMENT=25 DEFAULT CHARSET=utf8;

--
-- 转存表中的数据 `course`
--

INSERT INTO `course` (`cid`, `cname`, `detail`, `score`, `major`, `college`, `cyear`, `class_start`, `class_end`, `status`, `place`, `type`, `number`, `selected`, `notselected`) VALUES
(1, 'java程序设计与开发', 'java编程', 4, 8, 1, 2, '2021-03-10 16:53:11', '2021-06-10 16:53:11', 1, '', 0, 50, 0, 50),
(2, '前端开发', 'html.css.js的学习', 3, 8, 1, 3, '2021-03-11 17:17:30', '2021-04-04 17:18:36', 1, '', 0, 50, 5, 45),
(5, '数据结构', NULL, 2, 8, 1, 3, NULL, NULL, 1, NULL, 0, 50, 0, 50),
(6, 'C++初级教程', '这是一门非常基础的语言！！！', 3, 8, 1, 3, NULL, NULL, 1, '主教a-301', 0, 50, 3, 47),
(7, '计算机网络与安全', NULL, 1, 8, 1, 3, NULL, NULL, 1, NULL, NULL, 50, 0, 50),
(8, '游戏开发', NULL, 8, 8, 1, 3, NULL, NULL, 1, NULL, NULL, 50, 0, 50),
(9, '软件工程概论', NULL, 4, 8, 1, 3, NULL, NULL, 1, NULL, NULL, 50, 0, 50),
(10, '国际金融', NULL, 4, 1, 5, 3, NULL, NULL, 1, NULL, NULL, 50, 0, 50),
(11, '市场营销学 ', NULL, 4, 19, 5, 3, NULL, NULL, 1, NULL, NULL, 50, 0, 50),
(12, 'ERP企业模拟实训', NULL, 4, 1, 5, 3, NULL, NULL, 1, NULL, NULL, 50, 0, 50),
(13, '投资学', NULL, 3, 19, 5, 3, NULL, NULL, 1, NULL, NULL, 50, 0, 50),
(14, '管理学', NULL, 2, 18, 5, 3, NULL, NULL, 1, NULL, NULL, 50, 0, 50),
(15, '宏观经济学', NULL, 4, 21, 5, 3, NULL, NULL, 1, NULL, NULL, 50, 0, 50),
(16, '建筑制图', NULL, 2, 13, 2, 3, NULL, NULL, 1, NULL, NULL, 50, 0, 50),
(17, '房屋建筑学', NULL, 3, 13, 2, 3, NULL, NULL, 1, NULL, NULL, 50, 0, 50),
(18, '钢筋混凝土结构', NULL, 6, 11, 2, 3, NULL, NULL, 1, NULL, NULL, 50, 0, 50),
(19, '土力学与基础工程', NULL, 4, 10, 2, 3, NULL, NULL, 1, NULL, NULL, 50, 0, 50),
(20, '建筑工程造价', NULL, 4, 17, 2, 3, NULL, NULL, 1, NULL, NULL, 50, 0, 50),
(21, '施工组织设计', NULL, 2, 10, 2, 3, NULL, NULL, 1, NULL, NULL, 50, 0, 50),
(22, '广告策划与制作', NULL, 4, 22, 6, 3, NULL, NULL, 1, NULL, NULL, 50, 0, 50),
(23, '计算机辅助设计', NULL, 3, 22, 6, 3, NULL, NULL, 1, NULL, NULL, 50, 0, 50),
(24, '建筑结构抗震', NULL, 4, 10, 3, 3, NULL, NULL, 1, NULL, NULL, 50, 1, 49);

-- --------------------------------------------------------

--
-- 表的结构 `coursepj`
--

CREATE TABLE IF NOT EXISTS `coursepj` (
  `id` int(5) NOT NULL,
  `course` int(10) NOT NULL COMMENT '课程id',
  `student` int(5) NOT NULL COMMENT '评价课程学生的id',
  `content` text NOT NULL COMMENT '评价内容',
  `score` int(2) NOT NULL COMMENT '评分',
  `create_time` timestamp NOT NULL DEFAULT CURRENT_TIMESTAMP COMMENT '评价时间'
) ENGINE=InnoDB AUTO_INCREMENT=8 DEFAULT CHARSET=utf8;

--
-- 转存表中的数据 `coursepj`
--

INSERT INTO `coursepj` (`id`, `course`, `student`, `content`, `score`, `create_time`) VALUES
(1, 6, 17104199, '这门课程真是绝了，可以让你从<strong style="background:red;color:#fff;">入门到入土</strong>建议马上开选', 5, '2021-04-12 07:28:45'),
(2, 6, 17100001, '楼上同学的评论真假，明明这课就很好学，<strong style="color:red;">一学就废</strong>的那种', 2, '2021-04-11 07:44:58'),
(3, 24, 17100004, '搬砖第一名，真不错，谢谢老师的指导！！', 4, '2021-05-15 03:28:44'),
(4, 6, 17100006, 'c++是一个很不错的一门语言，不仅能够锻炼你的思维逻辑，还能增强你的代码能力。', 4, '2021-05-15 03:32:04'),
(5, 2, 17100030, '前端这么简单，你不学，那你要学啥！！！', 5, '2021-05-15 04:07:00'),
(6, 2, 17100031, '听我一句劝，前端这个学了没啥用，学其他的吧！！！', 5, '2021-05-15 04:10:51'),
(7, 2, 17100032, '我就觉的这课就挺不错的，选选选', 4, '2021-05-15 04:15:55');

-- --------------------------------------------------------

--
-- 表的结构 `grade`
--

CREATE TABLE IF NOT EXISTS `grade` (
  `id` int(11) NOT NULL COMMENT '班级id',
  `name` varchar(16) NOT NULL COMMENT '班级名称'
) ENGINE=InnoDB AUTO_INCREMENT=13 DEFAULT CHARSET=utf8;

--
-- 转存表中的数据 `grade`
--

INSERT INTO `grade` (`id`, `name`) VALUES
(1, '1班'),
(2, '2班'),
(3, '3班'),
(4, '4班'),
(5, '5班'),
(6, '6班'),
(7, '7班'),
(8, '8班'),
(9, '9班'),
(10, '10班'),
(11, '11班'),
(12, '12班');

-- --------------------------------------------------------

--
-- 表的结构 `log`
--

CREATE TABLE IF NOT EXISTS `log` (
  `id` int(10) NOT NULL,
  `account` varchar(10) NOT NULL COMMENT '操作用户',
  `ip` varchar(255) NOT NULL COMMENT '登录IP地址',
  `type` int(2) NOT NULL COMMENT '操作类型 1 登录 2 手机验证 3 添加 4 编辑 5 删除 6 启用禁用 7 密码重置 8 搜索',
  `detail_thing` varchar(50) NOT NULL COMMENT '操作的步骤事件',
  `create_time` timestamp NOT NULL DEFAULT CURRENT_TIMESTAMP COMMENT '创建时间'
) ENGINE=InnoDB AUTO_INCREMENT=1084 DEFAULT CHARSET=utf8;

--
-- 转存表中的数据 `log`
--

INSERT INTO `log` (`id`, `account`, `ip`, `type`, `detail_thing`, `create_time`) VALUES
(1, 'admin', '', 1, 'admin已安全退出本系统！', '2021-03-31 16:52:17'),
(2, 'admin', '', 1, 'admin登录失败，验证码错误！', '2021-04-01 02:11:39'),
(3, 'admin', '', 1, 'admin成功登入了校园选课系统！', '2021-04-01 02:11:46'),
(4, 'admin', '', 1, 'admin已安全退出本系统！', '2021-04-01 02:13:54'),
(5, 'admin', '', 1, 'admin成功登入了校园选课系统！', '2021-04-01 02:14:27'),
(6, 'admin', '', 3, '添加成功，17104199已添加到学生列表中！', '2021-04-01 02:33:34'),
(7, 'admin', '', 1, 'admin已安全退出本系统！', '2021-04-01 02:48:40'),
(8, 'admin', '', 1, 'admin登录失败，验证码错误！', '2021-04-01 02:49:53'),
(9, 'admin', '', 1, 'admin成功登入了校园选课系统！', '2021-04-01 02:50:00'),
(10, 'admin', '', 8, '内容搜索成功，已成功为你查询到5条数据！', '2021-04-01 06:01:40'),
(11, 'admin', '', 2, '15826353491验证失败，该手机号已验证！', '2021-04-01 06:45:40'),
(12, 'admin', '', 1, 'admin已安全退出本系统！', '2021-04-01 06:46:06'),
(13, 'admin', '', 1, 'admin成功登入了校园选课系统！', '2021-04-01 10:28:52'),
(14, 'admin', '', 1, 'admin已安全退出本系统！', '2021-04-01 10:42:19'),
(15, 'admin', '', 1, 'admin成功登入了校园选课系统！', '2021-04-01 11:11:08'),
(16, 'admin', '', 8, '内容搜索成功，已成功为你查询到5条数据！', '2021-04-01 12:55:13'),
(17, 'admin', '', 9, '专业内容搜索成功，已成功为你查询到27条数据!', '2021-04-01 13:13:12'),
(18, 'admin', '', 9, '查询院系成功，已成功为你查询到7条数据!', '2021-04-01 13:18:05'),
(19, 'admin', '', 2, '15826353491验证失败，该手机号已验证！', '2021-04-01 14:00:07'),
(20, 'admin', '', 9, '查询成功，获取到一条关于132的信息!', '2021-04-01 14:00:12'),
(21, 'admin', '', 4, '编辑成功，132被修改成132!', '2021-04-01 14:00:22'),
(22, 'admin', '', 2, '17353145308验证中，短信发送成功！', '2021-04-01 14:00:27'),
(23, 'admin', '', 2, '验证失败，未找到该手机号！', '2021-04-01 14:02:14'),
(24, 'admin', '', 2, '17353145308验证失败，！', '2021-04-01 14:03:10'),
(25, 'admin', '', 2, '17353145308验证失败，！', '2021-04-01 14:03:18'),
(26, 'admin', '', 2, '17353145308验证失败，！', '2021-04-01 14:03:24'),
(27, 'admin', '', 2, '验证失败，未找到该手机号！', '2021-04-01 14:46:13'),
(28, 'admin', '', 2, '验证失败，未找到该手机号！', '2021-04-01 14:54:27'),
(29, 'admin', '', 2, '17353145308验证中，短信发送成功！', '2021-04-01 15:20:53'),
(30, 'admin', '', 1, 'admin手机号验证成功！', '2021-04-01 15:21:06'),
(31, 'admin', '', 2, '17353145308验证失败，该手机号已验证！', '2021-04-01 15:21:10'),
(32, 'admin', '', 9, '查询成功，获取到一条关于11教师的信息！', '2021-04-01 15:53:28'),
(33, 'admin', '', 9, '查询成功，获取到一条关于1教师的信息！', '2021-04-01 16:12:12'),
(34, 'admin', '', 1, 'admin成功登入了校园选课系统！', '2021-04-01 16:27:46'),
(35, 'admin', '', 1, 'admin已安全退出本系统！', '2021-04-01 16:33:51'),
(36, 'admin', '', 1, 'admin成功登入了校园选课系统！', '2021-04-02 02:04:33'),
(37, 'admin', '', 3, '添加成功，游客已添加到角色列表中！', '2021-04-02 04:50:12'),
(38, 'admin', '', 1, 'admin成功登入了校园选课系统！', '2021-04-02 18:32:48'),
(39, 'admin', '', 9, '查询专业成功，已成功为你查询到1条数据!', '2021-04-02 18:34:15'),
(40, 'admin', '', 9, '查询专业成功，已成功为你查询到1条数据!', '2021-04-02 18:36:25'),
(41, 'admin', '', 9, '查询院系成功，已成功为你查询到1条数据!', '2021-04-02 18:36:55'),
(42, 'admin', '', 9, '查询院系成功，已成功为你查询到1条数据!', '2021-04-02 18:37:11'),
(43, 'admin', '', 3, '添加成功，游客已添加到角色列表中！', '2021-04-02 19:17:22'),
(44, 'admin', '', 3, '删除成功，游客已从角色列表中删除！', '2021-04-02 19:17:43'),
(45, 'admin', '', 3, '添加成功，游客已添加到角色列表中！', '2021-04-02 19:18:54'),
(46, 'admin', '', 3, '删除成功，游客已从角色列表中删除！', '2021-04-02 19:18:58'),
(47, 'admin', '', 3, '添加成功，游客已添加到角色列表中！', '2021-04-02 19:19:51'),
(48, 'admin', '', 3, '添加成功，游客已添加到角色列表中！', '2021-04-02 19:22:21'),
(49, 'admin', '', 3, '删除成功，游客已从角色列表中删除！', '2021-04-02 19:22:24'),
(50, 'admin', '', 9, '查询成功，已查询到一条关于普通管理员角色信息！', '2021-04-02 19:31:55'),
(51, 'admin', '', 9, '查询成功，已查询到一条关于超级管理员角色信息！', '2021-04-02 19:32:16'),
(52, 'admin', '', 9, '查询成功，已查询到一条关于普通管理员角色信息！', '2021-04-02 19:35:50'),
(53, 'admin', '', 9, '查询成功，已查询到一条关于普通管理员角色信息！', '2021-04-02 19:36:40'),
(54, 'admin', '', 9, '查询成功，已查询到一条关于开发者角色信息！', '2021-04-02 19:36:47'),
(55, 'admin', '', 9, '查询成功，已查询到一条关于普通管理员角色信息！', '2021-04-02 19:39:51'),
(56, 'admin', '', 9, '查询成功，已查询到一条关于普通管理员角色信息！', '2021-04-02 19:40:07'),
(57, 'admin', '', 9, '查询成功，已查询到一条关于普通管理员角色信息！', '2021-04-02 19:42:55'),
(58, 'admin', '', 9, '查询成功，已查询到一条关于普通管理员角色信息！', '2021-04-02 19:44:08'),
(59, 'admin', '', 9, '查询成功，已查询到一条关于普通管理员角色信息！', '2021-04-02 19:44:18'),
(60, 'admin', '', 9, '查询成功，已查询到一条关于开发者角色信息！', '2021-04-02 19:44:25'),
(61, 'admin', '', 3, '添加成功，游客已添加到角色列表中！', '2021-04-02 19:44:40'),
(62, 'admin', '', 9, '查询成功，已查询到一条关于游客角色信息！', '2021-04-02 19:44:43'),
(63, 'admin', '', 3, '添加成功，test已添加到角色列表中！', '2021-04-02 19:46:32'),
(64, 'admin', '', 3, '删除成功，游客已从角色列表中删除！', '2021-04-02 19:47:39'),
(65, 'admin', '', 9, '查询成功，已查询到一条关于test角色信息！', '2021-04-02 19:47:51'),
(66, 'admin', '', 9, '查询成功，已查询到一条关于test角色信息！', '2021-04-02 19:47:57'),
(67, 'admin', '', 9, '查询成功，已查询到一条关于test角色信息！', '2021-04-02 19:50:58'),
(68, 'admin', '', 9, '查询成功，已查询到一条关于test角色信息！', '2021-04-02 19:56:37'),
(69, 'admin', '', 9, '查询成功，已查询到一条关于test角色信息！', '2021-04-02 19:58:37'),
(70, 'admin', '', 4, '编辑成功，test的角色信息已被修改！', '2021-04-02 19:58:40'),
(71, 'admin', '', 9, '查询成功，已查询到一条关于test角色信息！', '2021-04-02 19:58:44'),
(72, 'admin', '', 9, '查询成功，已查询到一条关于test角色信息！', '2021-04-02 19:59:05'),
(73, 'admin', '', 9, '查询成功，已查询到一条关于test角色信息！', '2021-04-02 20:00:52'),
(74, 'admin', '', 9, '查询成功，已查询到一条关于test角色信息！', '2021-04-02 20:01:05'),
(75, 'admin', '', 4, '编辑成功，test的角色信息已被修改！', '2021-04-02 20:01:08'),
(76, 'admin', '', 9, '查询成功，已查询到一条关于test角色信息！', '2021-04-02 20:01:20'),
(77, 'admin', '', 4, '编辑成功，test的角色信息已被修改！', '2021-04-02 20:01:25'),
(78, 'admin', '', 9, '查询成功，已查询到一条关于test角色信息！', '2021-04-02 20:01:32'),
(79, 'admin', '', 4, '编辑成功，test的角色信息已被修改！', '2021-04-02 20:01:39'),
(80, 'admin', '', 9, '查询成功，已查询到一条关于test角色信息！', '2021-04-02 20:01:43'),
(81, 'admin', '', 9, '查询成功，已查询到一条关于test角色信息！', '2021-04-02 20:02:16'),
(82, 'admin', '', 9, '查询成功，已查询到一条关于test角色信息！', '2021-04-02 20:03:14'),
(83, 'admin', '', 4, '编辑成功，test的角色信息已被修改！', '2021-04-02 20:03:22'),
(84, 'admin', '', 9, '查询成功，已查询到一条关于test角色信息！', '2021-04-02 20:03:26'),
(85, 'admin', '', 9, '查询成功，已查询到一条关于开发者角色信息！', '2021-04-02 20:03:33'),
(86, 'admin', '', 9, '查询成功，已查询到一条关于超级管理员角色信息！', '2021-04-02 20:03:36'),
(87, 'admin', '', 9, '查询成功，已查询到一条关于test角色信息！', '2021-04-02 20:04:57'),
(88, 'admin', '', 9, '查询成功，已查询到一条关于超级管理员角色信息！', '2021-04-02 20:05:06'),
(89, 'admin', '', 9, '查询成功，已查询到一条关于test角色信息！', '2021-04-02 20:05:12'),
(90, 'admin', '', 9, '查询成功，已查询到一条关于test角色信息！', '2021-04-02 20:05:18'),
(91, 'admin', '', 9, '查询成功，已查询到一条关于开发者角色信息！', '2021-04-02 20:05:31'),
(92, 'admin', '', 9, '查询成功，已查询到一条关于test角色信息！', '2021-04-02 20:07:06'),
(93, 'admin', '', 9, '查询成功，已查询到一条关于超级管理员角色信息！', '2021-04-02 20:07:09'),
(94, 'admin', '', 9, '查询成功，已查询到一条关于test角色信息！', '2021-04-02 20:07:12'),
(95, 'admin', '', 9, '查询成功，已查询到一条关于test角色信息！', '2021-04-02 20:09:30'),
(96, 'admin', '', 9, '查询成功，已查询到一条关于超级管理员角色信息！', '2021-04-02 20:09:33'),
(97, 'admin', '', 9, '查询成功，已查询到一条关于test角色信息！', '2021-04-02 20:09:36'),
(98, 'admin', '', 9, '查询成功，已查询到一条关于超级管理员角色信息！', '2021-04-02 20:09:40'),
(99, 'admin', '', 9, '查询成功，已查询到一条关于开发者角色信息！', '2021-04-02 20:09:43'),
(100, 'admin', '', 9, '查询成功，已查询到一条关于test角色信息！', '2021-04-02 20:09:46'),
(101, 'admin', '', 9, '查询成功，已查询到一条关于test角色信息！', '2021-04-02 20:10:13'),
(102, 'admin', '', 1, 'admin已安全退出本系统！', '2021-04-02 20:18:30'),
(103, 'admin', '', 1, 'admin成功登入了校园选课系统！', '2021-04-03 05:59:00'),
(104, 'admin', '', 9, '查询成功，已查询到一条关于test角色信息！', '2021-04-03 06:00:16'),
(105, 'admin', '', 9, '查询成功，已查询到一条关于test角色信息！', '2021-04-03 06:00:21'),
(106, 'admin', '', 9, '查询成功，已查询到一条关于test角色信息！', '2021-04-03 06:02:32'),
(107, 'admin', '', 9, '查询成功，已查询到一条关于test角色信息！', '2021-04-03 06:10:21'),
(108, 'admin', '', 9, '查询成功，已查询到一条关于test角色信息！', '2021-04-03 06:13:49'),
(109, 'admin', '', 9, '查询成功，已查询到一条关于开发者角色信息！', '2021-04-03 06:13:52'),
(110, 'admin', '', 9, '查询成功，已查询到一条关于超级管理员角色信息！', '2021-04-03 06:13:55'),
(111, 'admin', '', 9, '查询成功，已查询到一条关于普通管理员角色信息！', '2021-04-03 06:13:57'),
(112, 'admin', '', 9, '查询成功，已查询到一条关于test角色信息！', '2021-04-03 06:13:59'),
(113, 'admin', '', 9, '查询成功，已查询到一条关于test角色信息！', '2021-04-03 06:16:14'),
(114, 'admin', '', 9, '查询成功，已查询到一条关于超级管理员角色信息！', '2021-04-03 06:16:17'),
(115, 'admin', '', 9, '查询成功，已查询到一条关于test角色信息！', '2021-04-03 06:16:21'),
(116, 'admin', '', 9, '查询成功，已查询到一条关于test角色信息！', '2021-04-03 06:16:35'),
(117, 'admin', '', 9, '查询成功，已查询到一条关于test角色信息！', '2021-04-03 06:17:41'),
(118, 'admin', '', 9, '查询成功，已查询到一条关于开发者角色信息！', '2021-04-03 06:17:44'),
(119, 'admin', '', 9, '查询成功，已查询到一条关于test角色信息！', '2021-04-03 06:19:28'),
(120, 'admin', '', 9, '查询成功，已查询到一条关于test角色信息！', '2021-04-03 06:21:00'),
(121, 'admin', '', 9, '查询成功，已查询到一条关于超级管理员角色信息！', '2021-04-03 06:21:04'),
(122, 'admin', '', 9, '查询成功，已查询到一条关于test角色信息！', '2021-04-03 06:21:07'),
(123, 'admin', '', 9, '查询成功，已查询到一条关于test角色信息！', '2021-04-03 06:26:35'),
(124, 'admin', '', 9, '查询成功，已查询到一条关于开发者角色信息！', '2021-04-03 06:26:39'),
(125, 'admin', '', 9, '查询成功，已查询到一条关于test角色信息！', '2021-04-03 06:26:41'),
(126, 'admin', '', 3, '添加成功，游客已添加到角色列表中！', '2021-04-03 06:27:30'),
(127, 'admin', '', 9, '查询成功，已查询到一条关于游客角色信息！', '2021-04-03 06:27:33'),
(128, 'admin', '', 4, '编辑成功，游客的角色信息已被修改！', '2021-04-03 06:27:39'),
(129, 'admin', '', 3, '删除成功，test已从角色列表中删除！', '2021-04-03 06:27:47'),
(130, 'admin', '', 3, '添加成功，test已添加到管理员列表中！', '2021-04-03 12:29:02'),
(131, 'admin', '', 3, '添加成功，观察者已添加到角色列表中！', '2021-04-03 13:38:47'),
(132, 'admin', '', 9, '查询成功，已查询到一条关于观察者角色信息！', '2021-04-03 13:40:01'),
(133, 'admin', '', 9, '查询成功，已查询到一条关于观察者角色信息！', '2021-04-03 13:41:02'),
(134, 'admin', '', 4, '编辑成功，观察者的角色信息已被修改！', '2021-04-03 13:41:26'),
(135, 'admin', '', 3, '删除成功，观察者已从角色列表中删除！', '2021-04-03 13:41:48'),
(136, 'admin', '', 9, '查询成功，已查询到一条关于观察者角色信息！', '2021-04-03 13:41:51'),
(137, 'admin', '', 4, '编辑成功，观察者的角色信息已被修改！', '2021-04-03 13:41:55'),
(138, 'admin', '', 9, '查询成功，已查询到一条关于观察者角色信息！', '2021-04-03 13:41:58'),
(139, 'admin', '', 4, '编辑成功，观察者的角色信息已被修改！', '2021-04-03 13:42:00'),
(140, 'admin', '', 3, '添加成功，浏览者已添加到角色列表中！', '2021-04-03 13:58:52'),
(141, 'admin', '', 9, '查询成功，已查询到一条关于浏览者角色信息！', '2021-04-03 13:58:55'),
(142, 'admin', '', 4, '编辑成功，浏览者的角色信息已被修改！', '2021-04-03 13:58:58'),
(143, 'admin', '', 9, '查询成功，已查询到一条关于浏览者角色信息！', '2021-04-03 13:59:00'),
(144, 'admin', '', 4, '编辑成功，浏览者的角色信息已被修改！', '2021-04-03 13:59:03'),
(145, 'admin', '', 9, '查询成功，已查询到一条关于浏览者角色信息！', '2021-04-03 13:59:08'),
(146, 'admin', '', 3, '删除成功，浏览者已从角色列表中删除！', '2021-04-03 13:59:12'),
(147, 'admin', '', 3, '删除成功，开发者已从角色列表中删除！', '2021-04-03 14:02:59'),
(148, 'admin', '', 9, '查询成功，已查询到一条关于开发者角色信息！', '2021-04-03 14:04:24'),
(149, 'admin', '', 3, '删除失败，该角色规定不能被删除！', '2021-04-03 14:04:32'),
(150, 'admin', '', 3, '编辑失败，该角色规定不能被编辑！', '2021-04-03 14:05:49'),
(151, 'admin', '', 3, '编辑失败，该角色规定不能被编辑！', '2021-04-03 14:05:51'),
(152, 'admin', '', 3, '编辑失败，该角色规定不能被编辑！', '2021-04-03 14:05:51'),
(153, 'admin', '', 3, '编辑失败，该角色规定不能被编辑！', '2021-04-03 14:05:57'),
(154, 'admin', '', 3, '删除失败，该角色规定不能被删除！', '2021-04-03 14:06:00'),
(155, 'admin', '', 9, '查询成功，已查询到一条关于游客角色信息！', '2021-04-03 14:06:19'),
(156, 'admin', '', 9, '查询成功，已查询到一条关于观察者角色信息！', '2021-04-03 14:06:22'),
(157, 'admin', '', 9, '查询成功，获取到一条关于132的信息!', '2021-04-03 14:06:39'),
(158, 'admin', '', 9, '查询成功，获取到一条关于132的信息!', '2021-04-03 14:07:31'),
(159, 'admin', '', 9, '查询成功，获取到一条关于test的信息!', '2021-04-03 14:08:07'),
(160, 'admin', '', 9, '查询成功，获取到一条关于132的信息!', '2021-04-03 14:08:17'),
(161, 'admin', '', 4, '编辑成功，132被修改成132!', '2021-04-03 14:08:20'),
(162, 'admin', '', 9, '查询成功，获取到一条关于132的信息!', '2021-04-03 14:08:23'),
(163, 'admin', '', 4, '编辑成功，132被修改成132!', '2021-04-03 14:08:26'),
(164, 'admin', '', 9, '查询成功，获取到一条关于132的信息!', '2021-04-03 14:08:32'),
(165, 'admin', '', 9, '查询成功，获取到一条关于test的信息!', '2021-04-03 14:11:47'),
(166, 'admin', '', 9, '查询成功，获取到一条关于132的信息!', '2021-04-03 14:11:50'),
(167, 'admin', '', 9, '查询成功，获取到一条关于test的信息!', '2021-04-03 14:11:55'),
(168, 'admin', '', 9, '编辑失败，admin该管理员已存在!', '2021-04-03 14:12:04'),
(169, 'admin', '', 9, '查询成功，获取到一条关于test的信息!', '2021-04-03 14:12:14'),
(170, 'admin', '', 4, '编辑成功，test被修改成yangsong!', '2021-04-03 14:12:25'),
(171, 'admin', '', 6, '成功修改132的状态!', '2021-04-03 14:12:32'),
(172, 'admin', '', 3, '添加成功，维护者已添加到角色列表中！', '2021-04-03 14:13:43'),
(173, 'admin', '', 9, '查询成功，已查询到一条关于维护者角色信息！', '2021-04-03 14:13:47'),
(174, 'admin', '', 4, '编辑成功，维护者的角色信息已被修改！', '2021-04-03 14:13:52'),
(175, 'admin', '', 5, '删除失败，非法删除超级管理员！', '2021-04-03 14:16:52'),
(176, 'admin', '', 5, '删除失败，非法删除超级管理员！', '2021-04-03 14:17:58'),
(177, 'admin', '', 3, '添加失败，admin该管理员已存在！', '2021-04-03 14:22:26'),
(178, 'admin', '', 9, '查询成功，已查询到一条关于维护者角色信息！', '2021-04-03 14:23:49'),
(179, 'admin', '', 6, '状态修改成功，教师1的状态已被修改！', '2021-04-03 14:24:06'),
(180, 'admin', '', 6, '状态修改成功，学生17104199的状态已被修改！', '2021-04-03 14:24:09'),
(181, 'admin', '', 9, '查询成功，获取到一条关于yangsong的信息!', '2021-04-03 14:24:22'),
(182, 'admin', '', 9, '编辑失败，admin该管理员已存在!', '2021-04-03 14:24:29'),
(183, 'admin', '', 1, 'admin已安全退出本系统！', '2021-04-03 14:25:55'),
(184, 'yangsong', '', 1, 'yangsong登录失败，密码错误！', '2021-04-03 14:26:07'),
(185, 'admin', '', 1, 'admin成功登入了校园选课系统！', '2021-04-03 14:26:19'),
(186, 'admin', '', 7, '成功修改账号yangsong的密码!', '2021-04-03 14:26:33'),
(187, 'admin', '', 1, 'admin已安全退出本系统！', '2021-04-03 14:26:36'),
(188, 'yangsong', '', 1, 'yangsong成功登入了校园选课系统！', '2021-04-03 14:26:50'),
(189, 'yangsong', '', 2, '验证失败，！', '2021-04-03 14:27:01'),
(190, 'yangsong', '', 2, '验证失败，！', '2021-04-03 14:27:08'),
(191, 'yangsong', '', 2, '验证失败，！', '2021-04-03 14:31:46'),
(192, 'yangsong', '', 4, 'yangsong个人基本信息修改成功！', '2021-04-03 15:09:29'),
(193, 'yangsong', '', 9, '查询成功，已查询到一条关于维护者角色信息！', '2021-04-03 15:11:41'),
(194, 'yangsong', '', 4, '编辑成功，维护者的角色信息已被修改！', '2021-04-03 15:11:43'),
(195, 'yangsong', '', 6, '成功修改yangsong的状态!', '2021-04-03 15:11:53'),
(196, 'yangsong', '', 1, 'yangsong已安全退出本系统！', '2021-04-03 15:11:59'),
(197, 'yangsong', '', 1, 'yangsong登录失败，验证码错误！', '2021-04-03 15:12:12'),
(198, 'yangsong', '', 1, 'yangsong登录失败，当前账号为禁用状态！', '2021-04-03 15:12:17'),
(199, 'admin', '', 1, 'admin成功登入了校园选课系统！', '2021-04-03 15:12:34'),
(200, 'admin', '', 6, '禁用失败,非法禁用超级管理员!', '2021-04-03 15:12:42'),
(201, 'admin', '', 3, '删除成功，维护者已从角色列表中删除！', '2021-04-03 15:18:47'),
(202, 'admin', '', 9, '查询成功，获取到一条关于yangsong的信息!', '2021-04-03 15:18:57'),
(203, 'admin', '', 9, '查询成功，获取到一条关于132的信息!', '2021-04-03 15:19:02'),
(204, 'admin', '', 9, '查询管理员成功，已成功为你查询到1条数据!', '2021-04-03 15:19:14'),
(205, 'admin', '', 9, '查询管理员成功，已成功为你查询到2条数据!', '2021-04-03 15:19:20'),
(206, 'admin', '', 9, '查询管理员成功，已成功为你查询到3条数据!', '2021-04-03 15:19:25'),
(207, 'admin', '', 8, '搜索用户成功，查询到6条数据！', '2021-04-03 15:26:45'),
(208, 'admin', '', 9, '查询管理员成功，已成功为你查询到3条数据!', '2021-04-03 15:53:38'),
(209, 'admin', '', 9, '查询成功，获取到一条关于yangsong的信息!', '2021-04-03 15:53:42'),
(210, 'admin', '', 3, '添加成功，test已添加到角色列表中！', '2021-04-03 15:54:05'),
(211, 'admin', '', 3, '删除成功，test已从角色列表中删除！', '2021-04-03 15:55:38'),
(212, 'admin', '', 9, '查询成功，获取到一条关于132的信息!', '2021-04-03 15:56:17'),
(213, 'admin', '', 9, '查询管理员成功，已成功为你查询到3条数据!', '2021-04-03 15:56:24'),
(214, 'admin', '', 3, '编辑失败，该角色规定不能被编辑！', '2021-04-03 16:04:48'),
(215, 'admin', '', 3, '删除失败，该角色规定不能被删除！', '2021-04-03 16:04:52'),
(216, 'admin', '', 1, 'admin已安全退出本系统！', '2021-04-04 03:24:55'),
(217, 'admin', '', 1, 'admin成功登入了校园选课系统！', '2021-04-04 03:25:52'),
(218, 'admin', '', 1, 'admin成功登入了校园选课系统！', '2021-04-04 05:21:41'),
(219, 'admin', '', 1, 'admin已安全退出本系统！', '2021-04-04 05:28:42'),
(220, 'admin', '', 1, 'admin登录失败，密码错误！', '2021-04-04 05:29:12'),
(221, 'admin', '', 1, 'admin成功登入了校园选课系统！', '2021-04-04 05:29:20'),
(222, 'admin', '', 1, 'admin已安全退出本系统！', '2021-04-04 05:29:48'),
(223, 'admin', '', 1, 'admin成功登入了校园选课系统！', '2021-04-04 05:31:24'),
(224, 'admin', '', 1, 'admin已安全退出本系统！', '2021-04-04 05:33:45'),
(225, 'admin', '', 1, 'admin成功登入了校园选课系统！', '2021-04-04 05:35:02'),
(226, 'admin', '', 1, 'admin已安全退出本系统！', '2021-04-04 05:36:08'),
(227, 'admin', '', 1, 'admin成功登入了校园选课系统！', '2021-04-04 05:37:16'),
(228, 'admin', '', 1, 'admin已安全退出本系统！', '2021-04-04 05:45:32'),
(229, 'admin', '', 1, 'admin成功登入了校园选课系统！', '2021-04-04 05:46:00'),
(230, 'admin', '', 1, 'admin已安全退出本系统！', '2021-04-04 06:07:14'),
(231, 'admin', '', 1, 'admin成功登入了校园选课系统！', '2021-04-04 06:18:15'),
(232, 'admin', '', 1, 'admin已安全退出本系统！', '2021-04-04 07:07:48'),
(233, 'admin', '', 1, 'admin登录失败，验证码错误！', '2021-04-04 08:36:57'),
(234, 'admin', '', 1, 'admin成功登入了校园选课系统！', '2021-04-04 08:37:09'),
(235, 'admin', '', 1, 'admin已安全退出本系统！', '2021-04-04 10:27:14'),
(236, 'admin', '', 1, 'admin成功登入了校园选课系统！', '2021-04-04 10:54:02'),
(237, 'admin', '', 3, '添加成功，该课程成功添加到课程列表中', '2021-04-04 11:27:51'),
(238, 'admin', '', 3, '添加失败，C语言该课程已存在课程列表中!', '2021-04-04 11:29:55'),
(239, 'admin', '', 3, '添加失败，C语言该课程已存在课程列表中!', '2021-04-04 11:30:14'),
(240, 'admin', '', 3, '添加成功，高等数学该课程成功添加到课程列表中!', '2021-04-04 11:31:13'),
(241, 'admin', '', 6, '课程状态修改成功，java程序设计与开发该课程状态已被修改!', '2021-04-04 11:39:45'),
(242, 'admin', '', 6, '课程状态修改成功，前端开发该课程状态已被修改!', '2021-04-04 11:39:47'),
(243, 'admin', '', 6, '课程状态修改成功，C语言该课程状态已被修改!', '2021-04-04 11:39:50'),
(244, 'admin', '', 6, '课程删除成功，高等数学该课程已被删除!', '2021-04-04 11:45:03'),
(245, 'admin', '', 5, '成功批量删除课程数据', '2021-04-04 11:57:36'),
(246, 'admin', '', 9, '查询课程成功，已成功为你查询到2条数据', '2021-04-04 12:07:55'),
(247, 'admin', '', 9, '查询课程成功，已成功为你查询到2条数据', '2021-04-04 12:17:36'),
(248, 'admin', '', 9, '查询课程成功，已成功为你查询到2条数据', '2021-04-04 12:18:23'),
(249, 'admin', '', 9, '查询课程成功，已成功为你查询到2条数据', '2021-04-04 12:18:53'),
(250, 'admin', '', 9, '查询课程成功，已成功为你查询到2条数据', '2021-04-04 12:19:07'),
(251, 'admin', '', 9, '查询课程成功，已成功为你查询到1条数据', '2021-04-04 12:19:14'),
(252, 'admin', '', 9, '查询成功，获取到一条关于前端开发课程的信息！', '2021-04-04 12:32:33'),
(253, 'admin', '', 9, '查询成功，获取到一条关于前端开发课程的信息！', '2021-04-04 12:35:18'),
(254, 'admin', '', 9, '查询成功，获取到一条关于java程序设计与开发课程的信息！', '2021-04-04 12:36:39'),
(255, 'admin', '', 9, '查询成功，获取到一条关于前端开发课程的信息！', '2021-04-04 12:37:34'),
(256, 'admin', '', 9, '查询成功，获取到一条关于前端开发课程的信息！', '2021-04-04 12:46:14'),
(257, 'admin', '', 9, '查询成功，获取到一条关于前端开发课程的信息！', '2021-04-04 12:46:52'),
(258, 'admin', '', 9, '查询成功，获取到一条关于前端开发课程的信息！', '2021-04-04 12:47:26'),
(259, 'admin', '', 9, '查询成功，获取到一条关于java程序设计与开发课程的信息！', '2021-04-04 12:50:10'),
(260, 'admin', '', 1, 'admin已安全退出本系统！', '2021-04-04 12:50:16'),
(261, 'admin', '', 1, 'admin成功登入了校园选课系统！', '2021-04-04 12:51:07'),
(262, 'admin', '', 9, '查询成功，获取到一条关于前端开发课程的信息！', '2021-04-04 12:51:17'),
(263, 'admin', '', 4, '编辑成功，前端开发该课程信息已被修改！', '2021-04-04 12:51:21'),
(264, 'admin', '', 9, '查询成功，获取到一条关于java程序设计与开发课程的信息！', '2021-04-04 12:51:43'),
(265, 'admin', '', 4, '编辑成功，java程序设计与开发该课程信息已被修改！', '2021-04-04 12:51:52'),
(266, 'admin', '', 9, '查询成功，获取到一条关于前端开发课程的信息！', '2021-04-04 12:54:10'),
(267, 'admin', '', 4, '编辑成功，前端开发该课程信息已被修改！', '2021-04-04 12:54:11'),
(268, 'admin', '', 9, '查询成功，获取到一条关于java程序设计与开发课程的信息！', '2021-04-04 12:54:15'),
(269, 'admin', '', 4, '编辑成功，java程序设计与开发该课程信息已被修改！', '2021-04-04 12:54:17'),
(270, 'admin', '', 9, '查询成功，获取到一条关于前端开发课程的信息！', '2021-04-04 12:54:20'),
(271, 'admin', '', 9, '查询成功，获取到一条关于前端开发课程的信息！', '2021-04-04 12:54:25'),
(272, 'admin', '', 4, '编辑成功，前端开发该课程信息已被修改！', '2021-04-04 12:54:33'),
(273, 'admin', '', 9, '查询成功，获取到一条关于1教师的信息！', '2021-04-04 12:55:53'),
(274, 'admin', '', 3, '添加成功，123已添加到教师列表中！', '2021-04-04 13:13:16'),
(275, 'admin', '', 6, '状态修改成功，教师11的状态已被修改！', '2021-04-04 13:14:05'),
(276, 'admin', '', 9, '查询成功，获取到一条关于11教师的信息！', '2021-04-04 13:14:08'),
(277, 'admin', '', 9, '查询成功，获取到一条关于11教师的信息！', '2021-04-04 13:16:12'),
(278, 'admin', '', 9, '查询成功，获取到一条关于123教师的信息！', '2021-04-04 13:17:25'),
(279, 'admin', '', 9, '查询成功，获取到一条关于1教师的信息！', '2021-04-04 13:17:29'),
(280, 'admin', '', 4, '编辑成功，1该教师信息已被修改！', '2021-04-04 13:17:36'),
(281, 'admin', '', 9, '查询成功，获取到一条关于1教师的信息！', '2021-04-04 13:17:43'),
(282, 'admin', '', 4, '编辑成功，1该教师信息已被修改！', '2021-04-04 13:17:46'),
(283, 'admin', '', 9, '查询成功，获取到一条关于123教师的信息！', '2021-04-04 13:28:32'),
(284, 'admin', '', 1, 'admin已安全退出本系统！', '2021-04-04 13:33:06'),
(285, 'admin', '', 1, 'admin成功登入了校园选课系统！', '2021-04-04 13:44:55'),
(286, 'admin', '', 9, '查询成功，获取到一条关于1教师的信息！', '2021-04-04 13:45:40'),
(287, 'admin', '', 9, '查询成功，获取到一条关于11教师的信息！', '2021-04-04 13:47:46'),
(288, 'admin', '', 9, '查询成功，获取到一条关于1教师的信息！', '2021-04-04 13:49:51'),
(289, 'admin', '', 9, '查询成功，获取到一条关于123教师的信息！', '2021-04-04 13:49:58'),
(290, 'admin', '', 9, '查询成功，获取到一条关于132的信息!', '2021-04-04 13:50:13'),
(291, 'admin', '', 9, '查询成功，获取到一条关于17104199学生的信息！', '2021-04-04 13:51:32'),
(292, 'admin', '', 9, '查询成功，获取到一条关于17104199学生的信息！', '2021-04-04 13:54:17'),
(293, 'admin', '', 4, '编辑成功，17104199该学生信息已被修改！', '2021-04-04 13:54:25'),
(294, 'admin', '', 9, '查询成功，获取到一条关于17104199学生的信息！', '2021-04-04 13:54:28'),
(295, 'admin', '', 9, '查询成功，获取到一条关于11教师的信息！', '2021-04-04 13:54:36'),
(296, 'admin', '', 4, '编辑成功，11该教师信息已被修改！', '2021-04-04 13:54:39'),
(297, 'admin', '', 9, '查询成功，获取到一条关于17104199学生的信息！', '2021-04-04 13:54:49'),
(298, 'admin', '', 9, '查询成功，获取到一条关于17104199学生的信息！', '2021-04-04 13:56:31'),
(299, 'admin', '', 9, '查询成功，已查询到一条关于观察者角色信息！', '2021-04-04 13:56:50'),
(300, 'admin', '', 9, '查询成功，获取到一条关于前端开发课程的信息！', '2021-04-04 14:12:18'),
(301, 'admin', '', 9, '查询成功，获取到一条关于java程序设计与开发课程的信息！', '2021-04-04 14:12:23'),
(302, 'admin', '', 9, '查询成功，获取到一条关于java程序设计与开发课程的信息！', '2021-04-04 14:13:04'),
(303, 'admin', '', 1, 'admin已安全退出本系统！', '2021-04-04 14:37:23'),
(304, 'admin', '', 1, 'admin登录失败，验证码错误！', '2021-04-04 15:36:52'),
(305, 'admin', '', 1, 'admin成功登入了校园选课系统！', '2021-04-04 15:36:59'),
(306, 'admin', '', 1, 'admin已安全退出本系统！', '2021-04-04 16:29:18'),
(307, 'admin', '', 1, 'admin成功登入了校园选课系统！', '2021-04-05 02:15:46'),
(308, 'admin', '', 8, '筛选用户成功，已成功为你查询到7条数据！', '2021-04-05 02:19:53'),
(309, 'admin', '', 3, '添加成功，数据结构该课程成功添加到课程列表中!', '2021-04-05 02:21:18'),
(310, 'admin', '', 6, '课程状态修改成功，数据结构该课程状态已被修改!', '2021-04-05 02:21:38'),
(311, 'admin', '', 9, '查询成功，获取到一条关于11教师的信息！', '2021-04-05 02:21:55'),
(312, 'admin', '', 4, '编辑成功，11该教师信息已被修改！', '2021-04-05 02:21:59'),
(313, 'admin', '', 6, '状态修改成功，教师123的状态已被修改！', '2021-04-05 02:22:05'),
(314, 'admin', '', 9, '查询成功，获取到一条关于1教师的信息！', '2021-04-05 02:22:12'),
(315, 'admin', '', 4, '编辑成功，1该教师信息已被修改！', '2021-04-05 02:22:35'),
(316, 'admin', '', 9, '查询成功，获取到一条关于11教师的信息！', '2021-04-05 02:22:41'),
(317, 'admin', '', 4, '编辑成功，11该教师信息已被修改！', '2021-04-05 02:22:51'),
(318, 'admin', '', 9, '查询成功，获取到一条关于123教师的信息！', '2021-04-05 02:22:55'),
(319, 'admin', '', 4, '编辑失败，0002该教师工号已存在！', '2021-04-05 02:24:52'),
(320, 'admin', '', 4, '编辑失败，0002该教师工号已存在！', '2021-04-05 02:24:56'),
(321, 'admin', '', 4, '编辑失败，0001该教师工号已存在！', '2021-04-05 02:25:01'),
(322, 'admin', '', 4, '编辑成功，123该教师信息已被修改！', '2021-04-05 02:25:05'),
(323, 'admin', '', 7, '密码修改成功，教师0002密码已被重置！', '2021-04-05 02:26:51'),
(324, 'admin', '', 3, '编辑失败，该角色规定不能被编辑！', '2021-04-05 03:01:40'),
(325, 'admin', '', 3, '删除失败，该角色规定不能被删除！', '2021-04-05 03:01:43'),
(326, 'admin', '', 1, 'admin已安全退出本系统！', '2021-04-05 03:36:59'),
(327, 'admin', '', 1, 'admin成功登入了校园选课系统！', '2021-04-05 03:42:20'),
(328, 'admin', '', 9, '查询成功，获取到一条关于java程序设计与开发课程的信息！', '2021-04-05 03:43:21'),
(329, 'admin', '', 6, '课程状态修改成功，数据结构该课程状态已被修改!', '2021-04-05 03:50:33'),
(330, 'admin', '', 6, '课程状态修改成功，数据结构该课程状态已被修改!', '2021-04-05 03:58:55'),
(331, 'admin', '', 6, '课程状态修改成功，数据结构该课程状态已被修改!', '2021-04-05 03:59:06'),
(332, 'admin', '', 6, '课程状态修改成功，前端开发该课程状态已被修改!', '2021-04-05 03:59:08'),
(333, 'admin', '', 6, '课程状态修改成功，java程序设计与开发该课程状态已被修改!', '2021-04-05 03:59:14'),
(334, 'admin', '', 6, '课程状态修改成功，java程序设计与开发该课程状态已被修改!', '2021-04-05 03:59:21'),
(335, 'admin', '', 6, '课程状态修改成功，前端开发该课程状态已被修改!', '2021-04-05 03:59:23'),
(336, 'admin', '', 8, '筛选用户成功，已成功为你查询到1条数据！', '2021-04-05 04:13:03'),
(337, 'admin', '', 8, '筛选用户成功，已成功为你查询到3条数据！', '2021-04-05 04:13:06'),
(338, 'admin', '', 9, '查询课程成功，已成功为你查询到1条数据', '2021-04-05 04:26:40'),
(339, 'admin', '', 9, '查询课程成功，已成功为你查询到1条数据', '2021-04-05 04:26:59'),
(340, 'admin', '', 9, '查询课程成功，已成功为你查询到1条数据', '2021-04-05 04:27:57'),
(341, 'admin', '', 9, '查询课程成功，已成功为你查询到3条数据', '2021-04-05 04:28:02'),
(342, 'admin', '', 9, '查询成功，获取到一条关于0002教师的信息！', '2021-04-05 04:30:29'),
(343, 'admin', '', 4, '编辑成功，0002该教师信息已被修改！', '2021-04-05 04:30:33'),
(344, 'admin', '', 6, '课程状态修改成功，数据结构该课程状态已被修改!', '2021-04-05 04:30:49'),
(345, 'admin', '', 9, '查询成功，获取到一条关于0003教师的信息！', '2021-04-05 04:31:34'),
(346, 'admin', '', 4, '编辑成功，0003该教师信息已被修改！', '2021-04-05 04:31:38'),
(347, 'admin', '', 9, '查询成功，获取到一条关于0003教师的信息！', '2021-04-05 04:36:51'),
(348, 'admin', '', 1, 'admin已安全退出本系统！', '2021-04-05 05:21:06'),
(349, 'admin', '', 1, 'admin成功登入了校园选课系统！', '2021-04-05 05:24:35'),
(350, 'admin', '', 1, 'admin已安全退出本系统！', '2021-04-05 05:42:59'),
(351, 'admin', '', 1, 'admin成功登入了校园选课系统！', '2021-04-05 05:45:26'),
(352, 'admin', '', 8, '筛选课程成功，筛选到3条数据！', '2021-04-05 05:48:54'),
(353, 'admin', '', 8, '筛选课程成功，筛选到1条数据！', '2021-04-05 05:49:36'),
(354, 'admin', '', 8, '筛选课程成功，筛选到3条数据！', '2021-04-05 05:52:36'),
(355, 'admin', '', 8, '筛选课程成功，筛选到1条数据！', '2021-04-05 05:52:39'),
(356, 'admin', '', 8, '筛选课程成功，筛选到1条数据！', '2021-04-05 05:53:29'),
(357, 'admin', '', 8, '筛选课程成功，筛选到3条数据！', '2021-04-05 05:53:32'),
(358, 'admin', '', 9, '查询课程成功，已成功为你查询到3条数据', '2021-04-05 05:59:58'),
(359, 'admin', '', 8, '筛选课程成功，筛选到3条数据！', '2021-04-05 06:00:07'),
(360, 'admin', '', 3, '成功设置开放选课时间段！', '2021-04-05 08:02:35'),
(361, 'admin', '', 8, '筛选课程成功，筛选到3条数据！', '2021-04-05 08:19:10'),
(362, 'admin', '', 4, '成功修改开放选课时间段！', '2021-04-05 08:19:34'),
(363, 'admin', '', 4, '成功修改开放选课时间段！', '2021-04-05 08:23:47'),
(364, 'admin', '', 4, '成功修改开放选课时间段！', '2021-04-05 08:27:59'),
(365, 'admin', '', 4, '成功修改开放选课时间段！', '2021-04-05 08:29:07'),
(366, 'admin', '', 4, '成功修改开放选课时间段！', '2021-04-05 08:32:27'),
(367, 'admin', '', 6, '课程状态修改成功，数据结构该课程状态已被修改!', '2021-04-05 08:33:37'),
(368, 'admin', '', 2, '15826353491验证失败，该手机号已验证！', '2021-04-05 09:03:11'),
(369, 'admin', '', 4, '成功修改开放选课时间段！', '2021-04-05 09:05:54'),
(370, 'admin', '', 4, '成功修改开放选课时间段！', '2021-04-05 09:06:04'),
(371, 'admin', '', 4, '成功修改开放选课时间段！', '2021-04-05 09:06:41'),
(372, 'admin', '', 4, '成功修改开放选课时间段！', '2021-04-05 09:08:13'),
(373, 'admin', '', 4, '成功修改开放选课时间段！', '2021-04-05 09:08:58'),
(374, 'admin', '', 1, 'admin已安全退出本系统！', '2021-04-05 09:10:36'),
(375, '17104199', '', 1, '17104199已安全退出本系统！', '2021-04-05 09:28:20'),
(376, '0001', '', 1, '0001登录失败，密码错误！', '2021-04-05 09:31:14'),
(377, 'admin', '', 1, 'admin成功登入了校园选课系统！', '2021-04-05 09:31:30'),
(378, 'admin', '', 5, '删除成功，132已从管理员列表中删除！', '2021-04-05 09:32:03'),
(379, 'admin', '', 7, '密码修改成功，教师0001密码已被重置！', '2021-04-05 09:32:25'),
(380, 'admin', '', 1, 'admin已安全退出本系统！', '2021-04-05 09:32:28'),
(381, '0001', '', 1, '0001已安全退出本系统！', '2021-04-05 09:36:02'),
(382, 'admin', '', 1, 'admin成功登入了校园选课系统！', '2021-04-05 09:36:12'),
(383, 'admin', '', 8, '筛选课程成功，筛选到3条数据！', '2021-04-05 09:45:27'),
(384, 'admin', '', 8, '筛选课程成功，筛选到2条数据！', '2021-04-05 09:48:03'),
(385, 'admin', '', 8, '筛选课程成功，筛选到1条数据！', '2021-04-05 09:48:07'),
(386, 'admin', '', 1, 'admin已安全退出本系统！', '2021-04-05 10:03:18'),
(387, 'admin', '', 1, 'admin成功登入了校园选课系统！', '2021-04-05 13:07:15'),
(388, 'admin', '', 4, '成功修改开放选课时间段！', '2021-04-05 13:10:34'),
(389, 'admin', '', 1, 'admin已安全退出本系统！', '2021-04-05 13:26:16'),
(390, 'admin', '', 1, 'admin成功登入了校园选课系统！', '2021-04-05 13:27:07'),
(391, 'admin', '', 1, 'admin已安全退出本系统！', '2021-04-05 13:27:26'),
(392, 'admin', '', 1, 'admin登录失败，验证码错误！', '2021-04-05 13:28:55'),
(393, 'admin', '', 1, 'admin成功登入了校园选课系统！', '2021-04-05 13:29:02'),
(394, 'admin', '', 1, 'admin成功登入了校园选课系统！', '2021-04-05 13:33:18'),
(395, 'admin', '', 6, '课程状态修改成功，数据结构该课程状态已被修改!', '2021-04-05 13:41:04'),
(396, 'admin', '', 1, 'admin已安全退出本系统！', '2021-04-05 13:42:09'),
(397, '17104199', '', 1, '17104199已安全退出本系统！', '2021-04-05 13:56:43'),
(398, '17104199', '', 1, '17104199成功登入了校园选课系统！', '2021-04-05 13:56:57'),
(399, 'admin', '', 1, 'admin登录失败，身份选择错误！', '2021-04-05 14:13:18'),
(400, 'admin', '', 1, 'admin成功登入了校园选课系统！', '2021-04-05 14:13:26'),
(401, 'admin', '', 1, 'admin已安全退出本系统！', '2021-04-05 14:15:18'),
(402, '17104199', '', 1, '17104199成功登入了校园选课系统！', '2021-04-05 14:15:32'),
(403, '17104199', '', 1, '17104199成功登入了校园选课系统！', '2021-04-05 14:34:18'),
(404, '17104199', '', 2, '17353124567验证中，短信发送成功！', '2021-04-05 14:46:35'),
(405, '17104199', '', 7, '17104199修改失败，原密码输入错误！', '2021-04-05 14:49:05'),
(406, '17104199', '', 7, '17104199修改失败，原密码输入错误！', '2021-04-05 14:49:31'),
(407, '17104199', '', 7, '17104199修改失败，原密码输入错误！', '2021-04-05 14:49:38'),
(408, '17104199', '', 7, '17104199密码修改成功！', '2021-04-05 14:49:47'),
(409, '17104199', '', 1, '17104199已安全退出本系统！', '2021-04-05 14:50:12'),
(410, '0001', '', 1, '0001登录失败，验证码错误！', '2021-04-05 14:50:25'),
(411, '0001', '', 1, '0001成功登入了校园选课系统！', '2021-04-05 14:50:35'),
(412, '0001', '', 1, '0001已安全退出本系统！', '2021-04-05 14:52:35'),
(413, '17104199', '', 1, '17104199成功登入了校园选课系统！', '2021-04-05 14:52:53'),
(414, '17104199', '', 1, '17104199已安全退出本系统！', '2021-04-05 14:53:02'),
(415, '0001', '', 1, '0001成功登入了校园选课系统！', '2021-04-05 14:53:14'),
(416, '0001', '', 7, '0001修改失败，原密码输入错误！', '2021-04-05 15:02:32'),
(417, '0001', '', 7, '0001密码修改成功！', '2021-04-05 15:02:47'),
(418, '0001', '', 1, '0001登录失败，验证码错误！', '2021-04-05 15:07:32'),
(419, '0001', '', 1, '0001登录失败，验证码错误！', '2021-04-05 15:07:36'),
(420, '0001', '', 1, '0001成功登入了校园选课系统！', '2021-04-05 15:07:42'),
(421, '0001', '', 1, '0001已安全退出本系统！', '2021-04-05 15:15:17'),
(422, 'admin', '', 1, 'admin成功登入了校园选课系统！', '2021-04-05 15:15:29'),
(423, 'admin', '', 1, 'admin成功登入了校园选课系统！', '2021-04-05 16:10:49'),
(424, 'admin', '', 1, 'admin已安全退出本系统！', '2021-04-05 16:18:47'),
(425, '17104199', '', 1, '17104199成功登入了校园选课系统！', '2021-04-05 16:19:00'),
(426, '17104199', '', 1, '17104199成功登入了校园选课系统！', '2021-04-05 16:41:34'),
(427, '17104199', '', 1, '17104199已安全退出本系统！', '2021-04-05 17:14:37'),
(428, 'admin', '', 1, 'admin成功登入了校园选课系统！', '2021-04-07 08:26:41'),
(429, 'admin', '', 1, 'admin成功登入了校园选课系统！', '2021-04-08 04:19:47'),
(430, 'admin', '', 1, 'admin成功登入了校园选课系统！', '2021-04-08 06:44:10'),
(431, 'admin', '', 1, 'admin已安全退出本系统！', '2021-04-08 06:44:18'),
(432, 'admin', '', 1, 'admin登录失败，密码错误！', '2021-04-08 06:44:41'),
(433, 'admin', '', 1, 'admin成功登入了校园选课系统！', '2021-04-08 06:44:52'),
(434, 'admin', '', 1, 'admin已安全退出本系统！', '2021-04-08 06:45:17'),
(435, 'admin', '', 1, 'admin成功登入了校园选课系统！', '2021-04-08 08:47:08'),
(436, 'admin', '', 4, '成功修改开放选课时间段！', '2021-04-08 08:48:06'),
(437, 'admin', '', 1, 'admin登录失败，身份选择错误！', '2021-04-08 11:34:05'),
(438, 'admin', '', 1, 'admin成功登入了校园选课系统！', '2021-04-08 11:34:14'),
(439, 'admin', '', 1, 'admin已安全退出本系统！', '2021-04-08 11:35:03'),
(440, '17104199', '', 1, '17104199成功登入了校园选课系统！', '2021-04-08 12:17:27'),
(441, '17104199', '', 1, '17104199已安全退出本系统！', '2021-04-08 13:25:42'),
(442, '17104199', '', 1, '17104199成功登入了校园选课系统！', '2021-04-08 13:26:39'),
(443, '17104199', '', 1, '17104199已安全退出本系统！', '2021-04-08 13:26:44'),
(444, '17104199', '', 1, '17104199成功登入了校园选课系统！', '2021-04-08 13:27:43'),
(445, '17104199', '', 1, '17104199已安全退出本系统！', '2021-04-08 14:33:57'),
(446, 'admin', '', 1, 'admin成功登入了校园选课系统！', '2021-04-08 14:34:09'),
(447, 'admin', '', 4, '成功修改开放选课时间段！', '2021-04-08 14:34:24'),
(448, 'admin', '', 1, 'admin已安全退出本系统！', '2021-04-08 14:34:28'),
(449, '17104199', '', 1, '17104199成功登入了校园选课系统！', '2021-04-08 14:34:42'),
(450, 'admin', '', 1, 'admin成功登入了校园选课系统！', '2021-04-08 14:51:23'),
(451, 'admin', '', 6, '课程状态修改成功，数据结构该课程状态已被修改!', '2021-04-08 14:51:48'),
(452, 'admin', '', 1, 'admin已安全退出本系统！', '2021-04-08 14:52:33'),
(453, 'admin', '', 1, 'admin成功登入了校园选课系统！', '2021-04-08 14:53:48'),
(454, '17104199', '', 1, '17104199成功登入了校园选课系统！', '2021-04-08 14:54:18'),
(455, 'admin', '', 3, '添加成功，C++初级教程该课程成功添加到课程列表中!', '2021-04-08 15:23:38'),
(456, 'admin', '', 6, '课程状态修改成功，C++初级教程该课程状态已被修改!', '2021-04-08 15:23:49'),
(457, 'admin', '', 3, '添加失败，0001该教师工号已存在！', '2021-04-08 15:24:24'),
(458, 'admin', '', 3, '添加失败，0002该教师工号已存在！', '2021-04-08 15:24:28'),
(459, 'admin', '', 3, '添加失败，0003该教师工号已存在！', '2021-04-08 15:24:32'),
(460, 'admin', '', 3, '添加成功，0004已添加到教师列表中！', '2021-04-08 15:24:42'),
(461, 'admin', '', 9, '查询成功，获取到一条关于0004教师的信息！', '2021-04-08 15:24:48'),
(462, 'admin', '', 4, '编辑成功，0004该教师信息已被修改！', '2021-04-08 15:24:55'),
(463, 'admin', '', 1, 'admin已安全退出本系统！', '2021-04-08 15:40:07'),
(464, 'admin', '', 1, 'admin成功登入了校园选课系统！', '2021-04-08 16:09:19'),
(465, 'admin', '', 3, '添加成功，计算机网络与安全该课程成功添加到课程列表中!', '2021-04-08 16:12:21'),
(466, 'admin', '', 9, '查询成功，获取到一条关于数据结构课程的信息！', '2021-04-08 16:12:46'),
(467, 'admin', '', 6, '课程状态修改成功，数据结构该课程状态已被修改!', '2021-04-08 16:12:50'),
(468, 'admin', '', 9, '查询成功，获取到一条关于C++初级教程课程的信息！', '2021-04-08 16:14:17'),
(469, 'admin', '', 9, '查询成功，获取到一条关于数据结构课程的信息！', '2021-04-08 16:14:29'),
(470, 'admin', '', 4, '编辑成功，数据结构该课程信息已被修改！', '2021-04-08 16:14:33'),
(471, 'admin', '', 9, '查询成功，获取到一条关于前端开发课程的信息！', '2021-04-08 16:14:36'),
(472, 'admin', '', 4, '编辑成功，前端开发该课程信息已被修改！', '2021-04-08 16:14:39'),
(473, 'admin', '', 9, '查询成功，获取到一条关于java程序设计与开发课程的信息！', '2021-04-08 16:14:41'),
(474, 'admin', '', 4, '编辑成功，java程序设计与开发该课程信息已被修改！', '2021-04-08 16:14:45'),
(475, 'admin', '', 9, '查询成功，获取到一条关于计算机网络与安全课程的信息！', '2021-04-08 16:14:49'),
(476, 'admin', '', 4, '编辑成功，计算机网络与安全该课程信息已被修改！', '2021-04-08 16:14:52'),
(477, 'admin', '', 4, '成功修改开放选课时间段！', '2021-04-08 16:16:45'),
(478, 'admin', '', 4, '成功修改开放选课时间段！', '2021-04-08 16:17:21'),
(479, 'admin', '', 1, 'admin已安全退出本系统！', '2021-04-08 16:32:23'),
(480, '0001', '', 1, '0001成功登入了校园选课系统！', '2021-04-08 16:50:05'),
(481, '0001', '', 1, '0001已安全退出本系统！', '2021-04-08 16:54:33'),
(482, 'admin', '', 1, 'admin成功登入了校园选课系统！', '2021-04-08 16:54:44'),
(483, 'admin', '', 8, '搜索用户成功，查询到7条数据！', '2021-04-08 17:00:59'),
(484, 'admin', '', 9, '查询管理员成功，已成功为你查询到2条数据!', '2021-04-08 17:08:51'),
(485, 'admin', '', 9, '查询成功，获取到一条关于17104199学生的信息！', '2021-04-08 17:09:15'),
(486, 'admin', '', 9, '查询成功，获取到一条关于17104199学生的信息！', '2021-04-08 17:09:26'),
(487, 'admin', '', 9, '查询成功，获取到一条关于17104199学生的信息！', '2021-04-08 17:12:20'),
(488, 'admin', '', 1, 'admin已安全退出本系统！', '2021-04-08 17:12:38'),
(489, 'admin', '', 1, 'admin登录失败，身份选择错误！', '2021-04-08 17:14:14'),
(490, 'admin', '', 1, 'admin成功登入了校园选课系统！', '2021-04-08 17:14:20'),
(491, 'admin', '', 1, 'admin已安全退出本系统！', '2021-04-08 17:21:10'),
(492, '17104199', '', 1, '17104199已安全退出本系统！', '2021-04-08 17:22:03'),
(493, '17104199', '', 1, '17104199成功登入了校园选课系统！', '2021-04-08 17:36:53'),
(494, '17104199', '', 1, '17104199已安全退出本系统！', '2021-04-08 17:39:13'),
(495, 'admin', '', 1, 'admin成功登入了校园选课系统！', '2021-04-09 02:31:13'),
(496, 'admin', '', 9, '查询成功，获取到一条关于yangsong的信息!', '2021-04-09 02:31:33'),
(497, 'admin', '', 9, '查询成功，获取到一条关于0003教师的信息！', '2021-04-09 02:31:40'),
(498, '17104199', '', 1, '17104199登录失败，验证码错误！', '2021-04-09 03:33:05'),
(499, '17104199', '', 1, '17104199成功登入了校园选课系统！', '2021-04-09 03:33:11'),
(500, '17104199', '', 1, '17104199已安全退出本系统！', '2021-04-09 03:34:42'),
(501, '17104199', '', 1, '17104199成功登入了校园选课系统！', '2021-04-09 11:21:37'),
(502, '17104199', '', 1, '17104199已安全退出本系统！', '2021-04-09 11:41:59'),
(503, '17104199', '', 1, '17104199成功登入了校园选课系统！', '2021-04-09 13:52:57'),
(504, '17104199', '', 1, '17104199已安全退出本系统！', '2021-04-09 14:51:27'),
(505, '17104199', '', 1, '17104199成功登入了校园选课系统！', '2021-04-09 14:55:30'),
(506, '17104199', '', 1, '17104199已安全退出本系统！', '2021-04-09 15:32:40'),
(507, '17104199', '', 1, '17104199成功登入了校园选课系统！', '2021-04-09 15:33:07'),
(508, '17104199', '', 1, '17104199已安全退出本系统！', '2021-04-09 16:14:50'),
(509, 'admin', '', 1, 'admin登录失败，验证码错误！', '2021-04-10 09:33:09'),
(510, 'admin', '', 1, 'admin成功登入了校园选课系统！', '2021-04-10 09:33:16'),
(511, 'admin', '', 9, '查询成功，获取到一条关于C++初级教程课程的信息！', '2021-04-10 09:35:27'),
(512, 'admin', '', 6, '课程状态修改成功，C++初级教程该课程状态已被修改!', '2021-04-10 09:36:08'),
(513, 'admin', '', 6, '课程状态修改成功，C++初级教程该课程状态已被修改!', '2021-04-10 09:36:16'),
(514, 'admin', '', 6, '课程状态修改成功，计算机网络与安全该课程状态已被修改!', '2021-04-10 09:36:17'),
(515, 'admin', '', 9, '查询成功，获取到一条关于计算机网络与安全课程的信息！', '2021-04-10 09:36:50'),
(516, 'admin', '', 9, '查询成功，获取到一条关于yangsong的信息!', '2021-04-10 09:38:11'),
(517, 'admin', '', 3, '编辑失败，该角色规定不能被编辑！', '2021-04-10 09:38:28'),
(518, 'admin', '', 3, '删除失败，该角色规定不能被删除！', '2021-04-10 09:38:32'),
(519, 'admin', '', 9, '查询成功，已查询到一条关于观察者角色信息！', '2021-04-10 09:38:43'),
(520, 'admin', '', 4, '编辑成功，观察者的角色信息已被修改！', '2021-04-10 09:38:47'),
(521, 'admin', '', 1, 'admin成功登入了校园选课系统！', '2021-04-10 09:39:34'),
(522, 'admin', '', 1, 'admin已安全退出本系统！', '2021-04-10 10:04:43'),
(523, '17104199', '', 1, '17104199成功登入了校园选课系统！', '2021-04-11 03:09:02'),
(524, '17104199', '', 1, '17104199已安全退出本系统！', '2021-04-11 03:25:32'),
(525, '17104199', '', 1, '17104199成功登入了校园选课系统！', '2021-04-11 03:57:18'),
(526, '17104199', '', 1, '17104199已安全退出本系统！', '2021-04-11 07:25:41'),
(527, 'admin', '', 1, 'admin成功登入了校园选课系统！', '2021-04-11 07:25:52'),
(528, 'admin', '', 3, '添加失败，17104199该学号已存在！', '2021-04-11 07:31:35'),
(529, 'admin', '', 3, '添加成功，17100001已添加到学生列表中！', '2021-04-11 07:31:51'),
(530, 'admin', '', 1, 'admin已安全退出本系统！', '2021-04-11 07:32:52'),
(531, '17100001', '', 1, '17100001登录失败，当前账号为禁用状态！', '2021-04-11 07:33:03'),
(532, 'admin', '', 1, 'admin成功登入了校园选课系统！', '2021-04-11 07:33:16'),
(533, 'admin', '', 6, '状态修改成功，学生17100001的状态已被修改！', '2021-04-11 07:33:23'),
(534, 'admin', '', 1, 'admin已安全退出本系统！', '2021-04-11 07:33:27'),
(535, '17100001', '', 1, '17100001成功登入了校园选课系统！', '2021-04-11 07:33:38'),
(536, '17100001', '', 1, '17100001已安全退出本系统！', '2021-04-11 07:34:20'),
(537, 'admin', '', 1, 'admin成功登入了校园选课系统！', '2021-04-11 07:34:31'),
(538, 'admin', '', 9, '查询成功，获取到一条关于17100001学生的信息！', '2021-04-11 07:36:33'),
(539, 'admin', '', 4, '编辑成功，17100001该学生信息已被修改！', '2021-04-11 07:36:36'),
(540, 'admin', '', 1, 'admin已安全退出本系统！', '2021-04-11 07:36:52'),
(541, '17100001', '', 1, '17100001成功登入了校园选课系统！', '2021-04-11 07:37:04'),
(542, '17100001', '', 1, '17100001已安全退出本系统！', '2021-04-11 07:49:47'),
(543, 'admin', '', 1, 'admin登录失败，验证码错误！', '2021-04-11 07:50:00'),
(544, 'admin', '', 1, 'admin成功登入了校园选课系统！', '2021-04-11 07:50:07'),
(545, 'admin', '', 3, '添加成功，17100002已添加到学生列表中！', '2021-04-11 07:50:55'),
(546, 'admin', '', 6, '状态修改成功，学生17100002的状态已被修改！', '2021-04-11 07:51:02'),
(547, 'admin', '', 1, 'admin已安全退出本系统！', '2021-04-11 07:51:06'),
(548, '17100002', '', 1, '17100002成功登入了校园选课系统！', '2021-04-11 07:51:19'),
(549, '17100002', '', 2, '无验证失败，未找到该手机号！', '2021-04-11 08:00:06'),
(550, '17100002', '', 1, '17100002已安全退出本系统！', '2021-04-11 08:00:27'),
(551, '17104199', '', 1, '17104199成功登入了校园选课系统！', '2021-04-11 08:00:39'),
(552, '17104199', '', 1, '17104199已安全退出本系统！', '2021-04-11 08:46:23'),
(553, '17104199', '', 1, '17104199成功登入了校园选课系统！', '2021-04-11 08:52:14'),
(554, 'admin', '', 1, 'admin成功登入了校园选课系统！', '2021-04-11 09:03:33'),
(555, 'admin', '', 9, '查询成功，获取到一条关于17100001学生的信息！', '2021-04-11 09:08:15'),
(556, '17104199', '', 1, '17104199已安全退出本系统！', '2021-04-11 09:18:02'),
(557, '17104199', '', 1, '17104199成功登入了校园选课系统！', '2021-04-11 09:36:15'),
(558, 'admin', '', 1, 'admin已安全退出本系统！', '2021-04-11 09:50:54'),
(559, 'admin', '', 1, 'admin成功登入了校园选课系统！', '2021-04-11 09:59:25'),
(560, 'admin', '', 1, 'admin已安全退出本系统！', '2021-04-11 10:15:18'),
(561, '17104199', '', 1, '17104199已安全退出本系统！', '2021-04-11 10:23:41'),
(562, '17104199', '', 1, '17104199成功登入了校园选课系统！', '2021-04-11 11:15:17'),
(563, '17104199', '', 1, '17104199已安全退出本系统！', '2021-04-11 11:46:48'),
(564, '0001', '', 1, '0001登录失败，验证码错误！', '2021-04-11 11:46:58'),
(565, '0001', '', 1, '0001成功登入了校园选课系统！', '2021-04-11 11:47:04'),
(566, '0001', '', 1, '0001已安全退出本系统！', '2021-04-11 12:43:41'),
(567, '0001', '', 1, '0001成功登入了校园选课系统！', '2021-04-11 12:48:45'),
(568, '0001', '', 1, '0001已安全退出本系统！', '2021-04-11 13:03:48'),
(569, 'admin', '', 1, 'admin登录失败，验证码错误！', '2021-04-11 14:01:29'),
(570, 'admin', '', 1, 'admin成功登入了校园选课系统！', '2021-04-11 14:01:35'),
(571, 'admin', '', 6, '课程状态修改成功，计算机网络与安全该课程状态已被修改!', '2021-04-11 14:02:48'),
(572, 'admin', '', 1, 'admin已安全退出本系统！', '2021-04-11 14:03:45'),
(573, '17104199', '', 1, '17104199成功登入了校园选课系统！', '2021-04-11 14:03:59'),
(574, '17104199', '', 1, '17104199已安全退出本系统！', '2021-04-11 14:04:50'),
(575, '0001', '', 1, '0001登录失败，验证码错误！', '2021-04-11 14:05:02'),
(576, '0001', '', 1, '0001成功登入了校园选课系统！', '2021-04-11 14:18:31'),
(577, '0001', '', 1, '0001已安全退出本系统！', '2021-04-11 14:37:06'),
(578, '0001', '', 1, '0001成功登入了校园选课系统！', '2021-04-11 15:08:04'),
(579, '0001', '', 1, '0001已安全退出本系统！', '2021-04-11 15:33:00'),
(580, '0004', '', 1, '0004登录失败，验证码错误！', '2021-04-11 15:33:11'),
(581, '0004', '', 1, '0004登录失败，当前账号为禁用状态！', '2021-04-11 15:33:18'),
(582, 'admin', '', 1, 'admin成功登入了校园选课系统！', '2021-04-11 15:33:34'),
(583, 'admin', '', 6, '状态修改成功，教师0004的状态已被修改！', '2021-04-11 15:33:42'),
(584, 'admin', '', 1, 'admin已安全退出本系统！', '2021-04-11 15:33:46'),
(585, '0004', '', 1, '0004成功登入了校园选课系统！', '2021-04-11 15:33:59'),
(586, 'admin', '', 1, 'admin成功登入了校园选课系统！', '2021-04-11 15:54:01'),
(587, 'admin', '', 1, 'admin已安全退出本系统！', '2021-04-11 16:10:02'),
(588, '0004', '', 1, '0004已安全退出本系统！', '2021-04-11 17:07:05'),
(589, 'admin', '', 1, 'admin成功登入了校园选课系统！', '2021-04-11 17:07:23'),
(590, 'admin', '', 1, 'admin成功登入了校园选课系统！', '2021-04-12 05:47:08'),
(591, 'admin', '', 1, 'admin已安全退出本系统！', '2021-04-12 06:39:24'),
(592, '17104199', '', 1, '17104199登录失败，验证码错误！', '2021-04-12 07:22:05'),
(593, '17104199', '', 1, '17104199成功登入了校园选课系统！', '2021-04-12 07:22:14'),
(594, '17104199', '', 1, '17104199成功登入了校园选课系统！', '2021-04-12 07:36:32'),
(595, '17104199', '', 1, '17104199已安全退出本系统！', '2021-04-12 07:37:34'),
(596, '0001', '', 1, '0001成功登入了校园选课系统！', '2021-04-12 07:37:46'),
(597, '0001', '', 1, '0001登录失败，验证码错误！', '2021-04-12 07:37:48'),
(598, '0001', '', 1, '0001已安全退出本系统！', '2021-04-12 07:38:16'),
(599, '17104199', '', 1, '17104199已安全退出本系统！', '2021-04-12 07:51:11'),
(600, 'admin', '', 1, 'admin成功登入了校园选课系统！', '2021-04-12 07:51:22'),
(601, 'admin', '', 1, 'admin已安全退出本系统！', '2021-04-12 08:46:45'),
(602, 'admin', '', 1, 'admin成功登入了校园选课系统！', '2021-04-12 09:04:34'),
(603, 'admin', '', 1, 'admin成功登入了校园选课系统！', '2021-04-12 09:16:40'),
(604, 'admin', '', 1, 'admin成功登入了校园选课系统！', '2021-04-12 11:44:03'),
(605, 'admin', '', 1, 'admin已安全退出本系统！', '2021-04-12 11:46:00'),
(606, 'admin', '', 1, 'admin成功登入了校园选课系统！', '2021-04-12 12:03:37'),
(607, 'admin', '', 1, 'admin已安全退出本系统！', '2021-04-12 12:07:34'),
(608, 'admin', '', 1, 'admin登录失败，验证码错误！', '2021-04-12 16:25:13'),
(609, 'admin', '', 1, 'admin成功登入了校园选课系统！', '2021-04-12 16:25:20'),
(610, 'admin', '', 1, 'admin已安全退出本系统！', '2021-04-12 16:25:59'),
(611, 'admin', '', 1, 'admin成功登入了校园选课系统！', '2021-04-13 01:10:11'),
(612, 'admin', '', 6, '成功修改yangsong的状态!', '2021-04-13 01:12:19'),
(613, 'admin', '', 1, 'admin已安全退出本系统！', '2021-04-13 01:12:25'),
(614, 'yangsong', '', 1, 'yangsong成功登入了校园选课系统！', '2021-04-13 01:12:38'),
(615, 'admin', '', 1, 'admin登录失败，验证码错误！', '2021-04-13 15:03:43'),
(616, 'admin', '', 1, 'admin成功登入了校园选课系统！', '2021-04-13 15:03:49'),
(617, 'admin', '', 1, 'admin已安全退出本系统！', '2021-04-13 15:14:24'),
(618, 'admin', '', 1, 'admin登录失败，密码错误！', '2021-04-14 12:20:58'),
(619, 'admin', '', 1, 'admin成功登入了校园选课系统！', '2021-04-14 12:21:12'),
(620, 'admin', '', 1, 'admin已安全退出本系统！', '2021-04-14 12:22:41'),
(621, 'admin', '', 1, 'admin成功登入了校园选课系统！', '2021-04-14 14:21:20'),
(622, 'admin', '', 1, 'admin成功登入了校园选课系统！', '2021-04-16 12:54:28'),
(623, 'admin', '', 1, 'admin已安全退出本系统！', '2021-04-16 13:00:03'),
(624, 'admin', '', 1, 'admin登录失败，验证码错误！', '2021-04-19 15:37:01'),
(625, 'admin', '', 1, 'admin登录失败，密码错误！', '2021-04-19 15:37:09'),
(626, 'admin', '', 1, 'admin成功登入了校园选课系统！', '2021-04-19 15:37:24'),
(627, 'admin', '', 1, 'admin已安全退出本系统！', '2021-04-19 15:44:46'),
(628, '17104199', '', 1, '17104199成功登入了校园选课系统！', '2021-04-19 15:44:56'),
(629, '17104199', '', 1, '17104199已安全退出本系统！', '2021-04-19 15:49:53'),
(630, '0004', '', 1, '0004登录失败，验证码错误！', '2021-04-19 15:50:04'),
(631, '0004', '', 1, '0004成功登入了校园选课系统！', '2021-04-19 15:50:09'),
(632, '0004', '', 1, '0004已安全退出本系统！', '2021-04-19 15:53:01'),
(633, '0004', '', 1, '0004成功登入了校园选课系统！', '2021-04-22 14:03:57'),
(634, '0004', '', 1, '0004已安全退出本系统！', '2021-04-22 14:10:44'),
(635, '17104199', '', 1, '17104199成功登入了校园选课系统！', '2021-04-22 14:11:01'),
(636, 'admin', '', 1, 'admin成功登入了校园选课系统！', '2021-04-26 13:47:08'),
(637, 'admin', '', 1, 'admin已安全退出本系统！', '2021-04-26 14:33:43'),
(638, 'admin', '', 1, 'admin成功登入了校园选课系统！', '2021-04-27 04:47:02'),
(639, 'admin', '', 6, '状态修改成功，教师0004的状态已被修改！', '2021-04-27 04:48:45'),
(640, 'admin', '', 6, '状态修改成功，教师0004的状态已被修改！', '2021-04-27 04:48:47'),
(641, 'admin', '', 1, 'admin已安全退出本系统！', '2021-04-27 04:48:51'),
(642, 'admin', '', 1, 'admin成功登入了校园选课系统！', '2021-05-02 16:56:36'),
(643, 'admin', '', 1, 'admin已安全退出本系统！', '2021-05-02 16:58:18'),
(644, 'admin', '', 1, 'admin成功登入了校园选课系统！', '2021-05-06 03:20:53'),
(645, 'admin', '', 1, 'admin已安全退出本系统！', '2021-05-06 03:46:24'),
(646, 'admin', '', 1, 'admin成功登入了校园选课系统！', '2021-05-06 04:37:41'),
(647, 'admin', '', 1, 'admin已安全退出本系统！', '2021-05-06 04:56:01'),
(648, 'admin', '', 1, 'admin成功登入了校园选课系统！', '2021-05-06 05:22:27'),
(649, 'admin', '221.237.150.211', 1, 'admin已安全退出本系统！', '2021-05-06 05:32:24'),
(650, 'admin', '221.237.150.211', 1, 'admin成功登入了校园选课系统！', '2021-05-06 05:32:36'),
(652, '17104199', '221.237.150.211', 1, '17104199登录失败，密码错误！', '2021-05-06 05:48:34'),
(653, '17104199', '221.237.150.211', 1, '17104199成功登入了校园选课系统！', '2021-05-06 05:48:47'),
(654, '17104199', '221.237.150.211', 1, '17104199已安全退出本系统！', '2021-05-06 05:52:29'),
(655, '0004', '221.237.150.211', 1, '0004成功登入了校园选课系统！', '2021-05-06 05:52:44'),
(656, '0004', '221.237.150.211', 1, '0004已安全退出本系统！', '2021-05-06 06:07:55'),
(657, 'admin', '221.237.150.211', 1, 'admin成功登入了校园选课系统！', '2021-05-06 06:08:07'),
(658, 'admin', '221.237.150.211', 9, '查询成功，已查询到一条关于观察者角色信息！', '2021-05-06 06:21:32'),
(659, 'admin', '221.237.150.211', 3, '编辑失败，该角色规定不能被编辑！', '2021-05-06 06:21:35'),
(660, 'admin', '221.237.150.211', 3, '编辑失败，该角色规定不能被编辑！', '2021-05-06 06:21:38'),
(661, 'admin', '221.237.150.211', 3, '删除失败，该角色规定不能被删除！', '2021-05-06 06:21:41'),
(662, 'admin', '221.237.150.211', 3, '编辑失败，该角色规定不能被编辑！', '2021-05-06 06:21:46'),
(663, 'admin', '221.237.150.211', 9, '查询成功，已查询到一条关于游客角色信息！', '2021-05-06 06:21:51'),
(664, 'admin', '221.237.150.211', 9, '查询成功，已查询到一条关于观察者角色信息！', '2021-05-06 06:21:54'),
(665, 'admin', '221.237.150.211', 5, '成功批量删除日志数据', '2021-05-06 06:22:38'),
(666, 'admin', '221.237.150.211', 9, '查询成功，获取到一条关于17100001学生的信息！', '2021-05-06 06:34:53'),
(667, 'admin', '221.237.150.211', 1, 'admin已安全退出本系统！', '2021-05-06 07:18:37'),
(668, 'admin', '221.237.150.211', 1, 'admin登录失败，密码错误！', '2021-05-06 07:46:24'),
(669, 'admin', '221.237.150.211', 1, 'admin登录失败，验证码错误！', '2021-05-06 07:46:36'),
(670, 'admin', '221.237.150.211', 1, 'admin成功登入了校园选课系统！', '2021-05-06 07:46:42'),
(671, 'admin', '110.188.58.85', 1, 'admin成功登入了校园选课系统！', '2021-05-06 10:50:19'),
(672, 'admin', '110.188.58.85', 1, 'admin已安全退出本系统！', '2021-05-06 11:09:50'),
(673, 'admin', '110.188.58.85', 1, 'admin成功登入了校园选课系统！', '2021-05-06 11:10:33'),
(674, 'admin', '110.188.58.85', 4, '编辑成功，公告已被修改！', '2021-05-06 11:30:49'),
(675, 'admin', '110.188.58.85', 1, 'admin已安全退出本系统！', '2021-05-06 11:54:10'),
(676, 'admin', '110.188.58.85', 1, 'admin成功登入了校园选课系统！', '2021-05-06 12:07:14'),
(677, 'admin', '110.188.58.85', 4, '编辑成功，公告已被修改！', '2021-05-06 12:29:45'),
(678, 'admin', '110.188.58.85', 4, '编辑成功，公告已被修改！', '2021-05-06 12:32:17'),
(679, 'admin', '110.188.58.85', 4, '编辑成功，公告已被修改！', '2021-05-06 12:32:38'),
(680, 'admin', '110.188.58.85', 4, '编辑成功，公告已被修改！', '2021-05-06 12:32:44'),
(681, 'admin', '110.188.58.85', 4, '编辑成功，公告已被修改！', '2021-05-06 12:35:04'),
(682, 'admin', '110.188.58.85', 1, 'admin已安全退出本系统！', '2021-05-06 12:36:42'),
(683, '0004', '110.188.58.85', 1, '0004成功登入了校园选课系统！', '2021-05-06 12:36:54'),
(684, '0004', '110.188.58.85', 1, '0004已安全退出本系统！', '2021-05-06 12:51:27'),
(685, 'admin', '110.188.58.85', 1, 'admin成功登入了校园选课系统！', '2021-05-06 12:51:40'),
(686, 'admin', '110.188.58.85', 4, '编辑成功，公告已被修改！', '2021-05-06 12:57:17'),
(687, 'admin', '110.188.58.85', 1, 'admin已安全退出本系统！', '2021-05-06 12:57:38'),
(688, '0001', '110.188.58.85', 1, '0001成功登入了校园选课系统！', '2021-05-06 12:57:54'),
(689, '0001', '110.188.58.85', 1, '0001已安全退出本系统！', '2021-05-06 13:00:13'),
(690, 'admin', '110.188.58.85', 1, 'admin成功登入了校园选课系统！', '2021-05-06 13:00:27'),
(691, 'admin', '110.188.58.85', 1, 'admin已安全退出本系统！', '2021-05-06 13:20:37'),
(692, 'admin', '110.188.58.85', 1, 'admin成功登入了校园选课系统！', '2021-05-06 14:40:10'),
(693, 'admin', '110.188.58.85', 1, 'admin登录失败，验证码错误！', '2021-05-07 12:01:41'),
(694, 'admin', '110.188.58.85', 1, 'admin登录失败，密码错误！', '2021-05-07 12:01:48'),
(695, 'admin', '110.188.58.85', 1, 'admin成功登入了校园选课系统！', '2021-05-07 12:02:00'),
(696, 'admin', '110.188.58.85', 1, 'admin已安全退出本系统！', '2021-05-07 12:19:48'),
(697, 'admin', '110.188.58.85', 1, 'admin成功登入了校园选课系统！', '2021-05-07 12:40:46'),
(698, 'admin', '110.188.58.85', 1, 'admin成功登入了校园选课系统！', '2021-05-07 12:56:05'),
(699, 'admin', '110.188.58.85', 1, 'admin已安全退出本系统！', '2021-05-07 13:26:50'),
(700, 'admin', '110.188.58.85', 1, 'admin登录失败，密码错误！', '2021-05-07 13:44:41'),
(701, 'admin', '110.188.58.85', 1, 'admin成功登入了校园选课系统！', '2021-05-07 13:44:54'),
(702, 'admin', '110.188.58.85', 9, '查询管理员成功，已成功为你查询到1条数据!', '2021-05-07 13:56:29'),
(703, 'admin', '110.188.58.85', 9, '查询管理员成功，已成功为你查询到2条数据!', '2021-05-07 13:58:57'),
(704, 'admin', '110.188.58.85', 9, '查询管理员成功，已成功为你查询到1条数据!', '2021-05-07 13:58:59'),
(705, 'admin', '110.188.58.85', 9, '查询管理员成功，已成功为你查询到1条数据!', '2021-05-07 13:59:05'),
(706, 'admin', '110.188.58.85', 9, '查询管理员成功，已成功为你查询到1条数据!', '2021-05-07 13:59:33'),
(707, 'admin', '110.188.58.85', 9, '查询管理员成功，已成功为你查询到1条数据!', '2021-05-07 13:59:43'),
(708, 'admin', '110.188.58.85', 9, '查询管理员成功，已成功为你查询到1条数据!', '2021-05-07 13:59:44'),
(709, 'admin', '110.188.58.85', 9, '查询管理员成功，已成功为你查询到2条数据!', '2021-05-07 14:00:15'),
(710, 'admin', '110.188.58.85', 9, '查询管理员成功，已成功为你查询到1条数据!', '2021-05-07 14:00:17'),
(711, 'admin', '110.188.58.85', 9, '查询管理员成功，已成功为你查询到2条数据!', '2021-05-07 14:00:19'),
(712, 'admin', '110.188.58.85', 1, 'admin已安全退出本系统！', '2021-05-07 14:15:11'),
(713, 'admin', '110.188.58.85', 1, 'admin登录失败，验证码错误！', '2021-05-07 14:34:50'),
(714, 'admin', '110.188.58.85', 1, 'admin登录失败，密码错误！', '2021-05-07 14:34:57'),
(715, 'admin', '110.188.58.85', 1, 'admin成功登入了校园选课系统！', '2021-05-07 14:35:09'),
(716, 'admin', '110.188.58.85', 1, 'admin已安全退出本系统！', '2021-05-07 14:52:25'),
(717, 'admin', '110.188.58.85', 1, 'admin成功登入了校园选课系统！', '2021-05-07 15:19:49'),
(718, 'admin', '110.188.58.85', 9, '查询管理员成功，已成功为你查询到2条数据!', '2021-05-07 15:33:14'),
(719, 'admin', '110.188.58.85', 9, '查询管理员成功，已成功为你查询到2条数据!', '2021-05-07 15:35:10'),
(720, 'admin', '110.188.58.85', 9, '查询管理员成功，已成功为你查询到2条数据!', '2021-05-07 15:35:15'),
(721, 'admin', '110.188.58.85', 9, '查询管理员成功，已成功为你查询到2条数据!', '2021-05-07 15:38:44'),
(722, 'admin', '110.188.58.85', 9, '查询管理员成功，已成功为你查询到2条数据!', '2021-05-07 15:43:43'),
(723, 'admin', '110.188.58.85', 9, '查询管理员成功，已成功为你查询到2条数据!', '2021-05-07 15:44:44'),
(724, 'admin', '110.188.58.85', 9, '查询管理员成功，已成功为你查询到1条数据!', '2021-05-07 15:44:56'),
(725, 'admin', '110.188.58.85', 9, '查询管理员成功，已成功为你查询到1条数据!', '2021-05-07 15:45:52'),
(726, 'admin', '110.188.58.85', 9, '查询管理员成功，已成功为你查询到2条数据!', '2021-05-07 15:49:29'),
(727, 'admin', '110.188.58.85', 9, '查询管理员成功，已成功为你查询到1条数据!', '2021-05-07 15:53:11'),
(728, 'admin', '110.188.58.85', 9, '查询管理员成功，已成功为你查询到2条数据!', '2021-05-07 15:53:18'),
(729, 'admin', '110.188.58.85', 9, '查询管理员成功，已成功为你查询到1条数据!', '2021-05-07 15:53:57'),
(730, 'admin', '110.188.58.85', 9, '查询管理员成功，已成功为你查询到1条数据!', '2021-05-07 15:54:04'),
(731, 'admin', '110.188.58.85', 9, '查询管理员成功，已成功为你查询到2条数据!', '2021-05-07 15:54:05'),
(732, 'admin', '110.188.58.85', 9, '查询管理员成功，已成功为你查询到1条数据!', '2021-05-07 15:54:07'),
(733, 'admin', '110.188.58.85', 9, '查询管理员成功，已成功为你查询到2条数据!', '2021-05-07 15:54:09'),
(734, 'admin', '110.188.58.85', 9, '查询管理员成功，已成功为你查询到2条数据!', '2021-05-07 15:54:26');
INSERT INTO `log` (`id`, `account`, `ip`, `type`, `detail_thing`, `create_time`) VALUES
(735, 'admin', '110.188.58.85', 9, '查询管理员成功，已成功为你查询到1条数据!', '2021-05-07 15:55:37'),
(736, 'admin', '110.188.58.85', 9, '查询管理员成功，已成功为你查询到1条数据!', '2021-05-07 15:56:04'),
(737, 'admin', '110.188.58.85', 9, '查询管理员成功，已成功为你查询到2条数据!', '2021-05-07 15:56:35'),
(738, 'admin', '110.188.58.85', 9, '查询管理员成功，已成功为你查询到2条数据!', '2021-05-07 15:58:44'),
(739, 'admin', '110.188.58.85', 9, '查询管理员成功，已成功为你查询到1条数据!', '2021-05-07 15:58:55'),
(740, 'admin', '110.188.58.85', 9, '查询管理员成功，已成功为你查询到2条数据!', '2021-05-07 15:59:53'),
(741, 'admin', '110.188.58.85', 9, '查询管理员成功，已成功为你查询到2条数据!', '2021-05-07 16:00:22'),
(742, 'admin', '110.188.58.85', 9, '查询成功，获取到一条关于yangsong的信息!', '2021-05-07 16:00:36'),
(743, 'admin', '110.188.58.85', 9, '查询管理员成功，已成功为你查询到2条数据!', '2021-05-07 16:00:50'),
(744, 'admin', '110.188.58.85', 9, '查询成功，获取到一条关于yangsong的信息!', '2021-05-07 16:01:05'),
(745, 'admin', '110.188.58.85', 9, '查询成功，获取到一条关于yangsong的信息!', '2021-05-07 16:02:05'),
(746, 'admin', '110.188.58.85', 9, '查询管理员成功，已成功为你查询到1条数据!', '2021-05-07 16:02:08'),
(747, 'admin', '110.188.58.85', 9, '查询管理员成功，已成功为你查询到1条数据!', '2021-05-07 16:02:12'),
(748, 'admin', '110.188.58.85', 9, '查询管理员成功，已成功为你查询到1条数据!', '2021-05-07 16:02:14'),
(749, 'admin', '110.188.58.85', 9, '查询管理员成功，已成功为你查询到1条数据!', '2021-05-07 16:02:19'),
(750, 'admin', '110.188.58.85', 9, '查询管理员成功，已成功为你查询到1条数据!', '2021-05-07 16:02:38'),
(751, 'admin', '110.188.58.85', 9, '查询管理员成功，已成功为你查询到1条数据!', '2021-05-07 16:02:41'),
(752, 'admin', '110.188.58.85', 9, '查询管理员成功，已成功为你查询到1条数据!', '2021-05-07 16:02:44'),
(753, 'admin', '110.188.58.85', 9, '查询管理员成功，已成功为你查询到1条数据!', '2021-05-07 16:03:21'),
(754, 'admin', '110.188.58.85', 9, '查询管理员成功，已成功为你查询到2条数据!', '2021-05-07 16:03:30'),
(755, 'admin', '110.188.58.85', 9, '查询管理员成功，已成功为你查询到2条数据!', '2021-05-07 16:04:08'),
(756, 'admin', '110.188.58.85', 9, '查询管理员成功，已成功为你查询到2条数据!', '2021-05-07 16:04:48'),
(757, 'admin', '110.188.58.85', 9, '查询管理员成功，已成功为你查询到1条数据!', '2021-05-07 16:05:08'),
(758, 'admin', '110.188.58.85', 9, '查询管理员成功，已成功为你查询到2条数据!', '2021-05-07 16:06:04'),
(759, 'admin', '110.188.58.85', 9, '查询管理员成功，已成功为你查询到1条数据!', '2021-05-07 16:06:35'),
(760, 'admin', '110.188.58.85', 9, '查询管理员成功，已成功为你查询到1条数据!', '2021-05-07 16:07:36'),
(761, 'admin', '110.188.58.85', 9, '查询管理员成功，已成功为你查询到1条数据!', '2021-05-07 16:07:39'),
(762, 'admin', '110.188.58.85', 9, '查询管理员成功，已成功为你查询到1条数据!', '2021-05-07 16:07:44'),
(763, 'admin', '110.188.58.85', 9, '查询管理员成功，已成功为你查询到2条数据!', '2021-05-07 16:07:47'),
(764, 'admin', '110.188.58.85', 9, '查询管理员成功，已成功为你查询到2条数据!', '2021-05-07 16:07:49'),
(765, 'admin', '110.188.58.85', 9, '查询管理员成功，已成功为你查询到1条数据!', '2021-05-07 16:07:58'),
(766, 'admin', '110.188.58.85', 9, '查询管理员成功，已成功为你查询到2条数据!', '2021-05-07 16:09:40'),
(767, 'admin', '110.188.58.85', 9, '查询管理员成功，已成功为你查询到2条数据!', '2021-05-07 16:09:54'),
(768, 'admin', '110.188.58.85', 9, '查询成功，获取到一条关于17100002学生的信息！', '2021-05-07 16:17:08'),
(769, 'admin', '110.188.58.85', 9, '查询成功，获取到一条关于0004教师的信息！', '2021-05-07 16:20:19'),
(770, 'admin', '110.188.58.85', 3, '添加成功，游戏开发该课程成功添加到课程列表中!', '2021-05-07 16:25:28'),
(771, 'admin', '110.188.58.85', 9, '查询成功，获取到一条关于游戏开发课程的信息！', '2021-05-07 16:25:40'),
(772, 'admin', '110.188.58.85', 4, '编辑成功，游戏开发该课程信息已被修改！', '2021-05-07 16:26:10'),
(773, 'admin', '110.188.58.85', 9, '查询成功，获取到一条关于游戏开发课程的信息！', '2021-05-07 16:26:57'),
(774, 'admin', '110.188.58.85', 8, '搜索用户成功，查询到9条数据！', '2021-05-07 16:39:43'),
(775, 'admin', '110.188.58.85', 1, 'admin已安全退出本系统！', '2021-05-07 16:53:16'),
(776, 'admin', '110.188.58.85', 1, 'admin成功登入了校园选课系统！', '2021-05-07 17:14:35'),
(777, 'admin', '110.188.58.85', 1, 'admin已安全退出本系统！', '2021-05-07 17:30:04'),
(778, 'admin', '110.188.58.29', 1, 'admin登录失败，密码错误！', '2021-05-09 14:03:04'),
(779, 'admin', '110.188.58.29', 1, 'admin成功登入了校园选课系统！', '2021-05-09 14:03:15'),
(780, 'admin', '110.188.58.29', 1, 'admin已安全退出本系统！', '2021-05-09 18:07:37'),
(781, 'admin', '110.188.58.29', 1, 'admin登录失败，验证码错误！', '2021-05-10 04:40:29'),
(782, 'admin', '110.188.58.29', 1, 'admin成功登入了校园选课系统！', '2021-05-10 04:40:37'),
(783, 'admin', '110.188.58.29', 1, 'admin成功登入了校园选课系统！', '2021-05-10 08:05:18'),
(784, 'admin', '110.188.58.29', 1, 'admin已安全退出本系统！', '2021-05-10 10:21:52'),
(785, 'admin', '110.188.58.29', 1, 'admin登录失败，验证码错误！', '2021-05-10 12:17:20'),
(786, 'admin', '110.188.58.29', 1, 'admin成功登入了校园选课系统！', '2021-05-10 12:17:26'),
(787, 'admin', '110.188.58.29', 1, 'admin成功登入了校园选课系统！', '2021-05-10 12:22:33'),
(788, 'admin', '110.188.58.29', 4, '编辑成功，公告已被修改！', '2021-05-10 12:25:21'),
(789, 'admin', '110.188.58.29', 1, 'admin已安全退出本系统！', '2021-05-10 12:25:30'),
(790, 'admin', '110.188.58.29', 1, 'admin成功登入了校园选课系统！', '2021-05-10 12:25:42'),
(791, 'admin', '110.188.58.29', 1, 'admin已安全退出本系统！', '2021-05-10 12:44:42'),
(792, 'admin', '110.188.58.29', 4, '编辑成功，公告已被修改！', '2021-05-10 12:56:24'),
(793, 'admin', '110.188.58.29', 1, 'admin已安全退出本系统！', '2021-05-10 12:56:33'),
(794, '0004', '110.188.58.29', 1, '0004成功登入了校园选课系统！', '2021-05-10 12:56:48'),
(795, '0004', '110.188.58.29', 1, '0004已安全退出本系统！', '2021-05-10 12:58:06'),
(796, '17104199', '110.188.58.29', 1, '17104199成功登入了校园选课系统！', '2021-05-10 12:58:19'),
(797, '17104199', '110.188.58.29', 1, '17104199已安全退出本系统！', '2021-05-10 13:25:25'),
(798, 'admin', '110.188.58.29', 1, 'admin登录失败，密码错误！', '2021-05-10 13:25:34'),
(799, 'admin', '110.188.58.29', 1, 'admin成功登入了校园选课系统！', '2021-05-10 13:25:45'),
(800, '17104199', '110.188.58.29', 1, '17104199成功登入了校园选课系统！', '2021-05-10 13:30:14'),
(801, '17104199', '110.188.58.29', 1, '17104199已安全退出本系统！', '2021-05-10 13:45:35'),
(802, '0001', '110.188.58.29', 1, '0001成功登入了校园选课系统！', '2021-05-10 13:50:07'),
(803, 'admin', '110.188.58.29', 1, 'admin成功登入了校园选课系统！', '2021-05-10 13:50:56'),
(804, '0001', '110.188.58.29', 1, '0001已安全退出本系统！', '2021-05-10 13:51:14'),
(805, 'admin', '110.188.58.29', 1, 'admin成功登入了校园选课系统！', '2021-05-10 13:51:38'),
(806, 'admin', '110.188.58.29', 1, 'admin成功登入了校园选课系统！', '2021-05-10 14:04:00'),
(807, 'admin', '110.188.58.29', 1, 'admin成功登入了校园选课系统！', '2021-05-10 14:04:44'),
(808, 'admin', '110.188.58.29', 1, 'admin成功登入了校园选课系统！', '2021-05-10 14:07:55'),
(809, 'admin', '110.188.58.29', 1, 'admin已安全退出本系统！', '2021-05-10 14:19:20'),
(810, '0001', '110.188.58.29', 1, '0001成功登入了校园选课系统！', '2021-05-10 14:19:33'),
(811, '0001', '110.188.58.29', 2, '13272537631验证中，短信发送成功！', '2021-05-10 14:21:12'),
(812, '0001', '110.188.58.29', 1, '0001已安全退出本系统！', '2021-05-10 14:31:28'),
(813, 'admin', '110.188.58.29', 1, 'admin成功登入了校园选课系统！', '2021-05-10 14:31:39'),
(814, 'admin', '110.188.58.29', 1, 'admin已安全退出本系统！', '2021-05-10 16:15:45'),
(815, 'admin', '110.188.58.29', 1, 'admin成功登入了校园选课系统！', '2021-05-10 16:18:55'),
(816, 'admin', '110.188.58.29', 1, 'admin已安全退出本系统！', '2021-05-10 16:19:21'),
(817, 'admin', '110.188.58.29', 1, 'admin成功登入了校园选课系统！', '2021-05-10 17:16:32'),
(818, 'admin', '110.188.58.29', 2, '15826353491验证失败，该手机号已验证！', '2021-05-10 17:36:51'),
(819, 'admin', '110.188.58.29', 6, '成功修改yangsong的状态!', '2021-05-10 17:36:56'),
(820, 'admin', '110.188.58.29', 6, '成功修改yangsong的状态!', '2021-05-10 17:36:58'),
(821, 'admin', '110.188.58.29', 9, '查询成功，获取到一条关于yangsong的信息!', '2021-05-10 17:37:01'),
(822, 'admin', '110.188.58.29', 1, 'admin已安全退出本系统！', '2021-05-10 17:41:09'),
(823, 'admin', '221.237.150.211', 1, 'admin成功登入了校园选课系统！', '2021-05-11 05:09:18'),
(824, 'admin', '221.237.150.211', 1, 'admin已安全退出本系统！', '2021-05-11 05:11:18'),
(825, '17104199', '110.188.58.29', 1, '17104199登录失败，身份选择错误！', '2021-05-11 10:48:11'),
(826, 'admin', '110.188.58.29', 1, 'admin登录失败，验证码错误！', '2021-05-11 10:48:27'),
(827, 'admin', '110.188.58.29', 1, 'admin成功登入了校园选课系统！', '2021-05-11 10:48:35'),
(828, 'admin', '110.188.58.29', 1, 'admin已安全退出本系统！', '2021-05-11 11:29:58'),
(829, 'admin', '110.188.58.29', 1, 'admin成功登入了校园选课系统！', '2021-05-11 12:02:33'),
(830, 'admin', '110.188.58.29', 1, 'admin已安全退出本系统！', '2021-05-11 13:19:22'),
(831, 'admin', '110.188.58.29', 1, 'admin成功登入了校园选课系统！', '2021-05-11 14:35:40'),
(832, 'admin', '110.188.58.29', 1, 'admin已安全退出本系统！', '2021-05-11 14:50:50'),
(833, 'admin', '110.188.58.29', 1, 'admin成功登入了校园选课系统！', '2021-05-11 14:59:02'),
(834, 'admin', '110.188.58.29', 1, 'admin已安全退出本系统！', '2021-05-11 16:55:33'),
(835, 'admin', '117.136.64.99', 1, 'admin成功登入了校园选课系统！', '2021-05-12 01:25:00'),
(836, 'admin', '117.136.64.99', 1, 'admin已安全退出本系统！', '2021-05-12 01:26:53'),
(837, 'admin', '171.217.96.136', 1, 'admin登录失败，验证码错误！', '2021-05-12 04:12:57'),
(838, 'admin', '171.217.96.136', 1, 'admin登录失败，密码错误！', '2021-05-12 04:13:04'),
(839, 'admin', '171.217.96.136', 1, 'admin成功登入了校园选课系统！', '2021-05-12 04:13:13'),
(840, 'admin', '171.217.96.136', 1, 'admin已安全退出本系统！', '2021-05-12 04:30:25'),
(841, 'admin', '110.188.58.29', 1, 'admin成功登入了校园选课系统！', '2021-05-12 11:57:41'),
(842, 'admin', '110.188.58.29', 8, '筛选用户成功，已成功为你查询到2条数据！', '2021-05-12 11:58:01'),
(843, 'admin', '110.188.58.29', 8, '筛选用户成功，已成功为你查询到3条数据！', '2021-05-12 11:58:04'),
(844, 'admin', '110.188.58.29', 8, '筛选用户成功，已成功为你查询到4条数据！', '2021-05-12 11:58:07'),
(845, 'admin', '110.188.58.29', 8, '筛选用户成功，已成功为你查询到9条数据！', '2021-05-12 11:58:11'),
(846, 'admin', '110.188.58.29', 4, 'admin个人基本信息修改成功！', '2021-05-12 11:58:51'),
(847, 'admin', '110.188.58.29', 2, '15826353491验证失败，该手机号已验证！', '2021-05-12 11:58:55'),
(848, 'admin', '110.188.58.29', 9, '查询成功，获取到一条关于yangsong的信息!', '2021-05-12 11:59:04'),
(849, 'admin', '110.188.58.29', 4, '编辑成功，yangsong被修改成yangsong!', '2021-05-12 11:59:29'),
(850, 'admin', '110.188.58.29', 9, '查询成功，获取到一条关于yangsong的信息!', '2021-05-12 11:59:32'),
(851, 'admin', '110.188.58.29', 1, 'admin已安全退出本系统！', '2021-05-12 12:21:51'),
(852, 'admin', '110.188.58.29', 1, 'admin登录失败，验证码错误！', '2021-05-12 12:28:23'),
(853, 'admin', '110.188.58.29', 1, 'admin成功登入了校园选课系统！', '2021-05-12 12:28:29'),
(854, 'admin', '110.188.58.29', 6, '成功修改yangsong的状态!', '2021-05-12 12:56:31'),
(855, 'admin', '110.188.58.29', 6, '成功修改yangsong的状态!', '2021-05-12 12:56:34'),
(856, 'admin', '110.188.58.29', 1, 'admin已安全退出本系统！', '2021-05-12 13:05:47'),
(857, '0001', '110.188.58.29', 1, '0001成功登入了校园选课系统！', '2021-05-12 13:06:03'),
(858, '0001', '110.188.58.29', 1, '0001已安全退出本系统！', '2021-05-12 13:17:49'),
(859, '17104199', '110.188.58.29', 1, '17104199登录失败，验证码错误！', '2021-05-12 13:18:01'),
(860, '17104199', '110.188.58.29', 1, '17104199成功登入了校园选课系统！', '2021-05-12 13:18:07'),
(861, '17104199', '110.188.58.29', 1, '17104199已安全退出本系统！', '2021-05-12 13:18:29'),
(862, 'admin', '110.188.58.29', 1, 'admin成功登入了校园选课系统！', '2021-05-12 13:18:41'),
(863, 'admin', '110.188.58.29', 9, '查询成功，获取到一条关于java程序设计与开发课程的信息！', '2021-05-12 13:18:57'),
(864, 'admin', '110.188.58.29', 6, '课程状态修改成功，计算机网络与安全该课程状态已被修改!', '2021-05-12 13:24:17'),
(865, 'admin', '110.188.58.29', 6, '课程状态修改成功，计算机网络与安全该课程状态已被修改!', '2021-05-12 13:24:21'),
(866, 'admin', '110.188.58.29', 6, '课程状态修改成功，计算机网络与安全该课程状态已被修改!', '2021-05-12 13:24:25'),
(867, 'admin', '110.188.58.29', 6, '课程状态修改成功，计算机网络与安全该课程状态已被修改!', '2021-05-12 13:24:27'),
(868, 'admin', '110.188.58.29', 1, 'admin成功登入了校园选课系统！', '2021-05-13 12:58:55'),
(869, 'admin', '110.188.58.29', 1, 'admin已安全退出本系统！', '2021-05-13 13:26:22'),
(870, '0001', '110.188.58.29', 1, '0001成功登入了校园选课系统！', '2021-05-13 13:26:34'),
(871, '0001', '110.188.58.29', 1, '0001已安全退出本系统！', '2021-05-13 13:38:08'),
(872, 'admin', '110.188.58.29', 1, 'admin成功登入了校园选课系统！', '2021-05-13 13:38:20'),
(873, 'admin', '110.188.58.29', 7, '密码修改成功，学生17104199密码已被重置！', '2021-05-13 14:13:53'),
(874, 'admin', '110.188.58.29', 8, '筛选用户成功，已成功为你查询到3条数据！', '2021-05-13 14:14:16'),
(875, 'admin', '110.188.58.29', 7, '密码修改成功，学生17104199密码已被重置！', '2021-05-13 14:14:33'),
(876, 'admin', '110.188.58.29', 9, '查询成功，获取到一条关于17100002学生的信息！', '2021-05-13 14:14:46'),
(877, 'admin', '110.188.58.29', 9, '查询成功，获取到一条关于yangsong的信息!', '2021-05-13 14:18:13'),
(878, 'admin', '110.188.58.29', 9, '查询成功，获取到一条关于17100001学生的信息！', '2021-05-13 14:18:22'),
(879, 'admin', '110.188.58.29', 9, '查询成功，获取到一条关于0004教师的信息！', '2021-05-13 14:20:14'),
(880, 'admin', '110.188.58.29', 9, '查询成功，获取到一条关于前端开发课程的信息！', '2021-05-13 14:23:27'),
(881, 'admin', '110.188.58.29', 3, '编辑失败，该角色规定不能被编辑！', '2021-05-13 14:48:09'),
(882, 'admin', '110.188.58.29', 7, 'admin修改失败，原密码输入错误！', '2021-05-13 14:57:56'),
(883, 'admin', '110.188.58.29', 9, '查询成功，获取到一条关于yangsong的信息!', '2021-05-13 15:03:23'),
(884, 'admin', '110.188.58.29', 4, '编辑成功，yangsong被修改成zhangsan!', '2021-05-13 15:03:47'),
(885, 'admin', '110.188.58.29', 3, '添加成功，lisi已添加到管理员列表中！', '2021-05-13 15:04:24'),
(886, 'admin', '110.188.58.29', 3, '添加成功，wangwu已添加到管理员列表中！', '2021-05-13 15:05:14'),
(887, 'admin', '110.188.58.29', 9, '查询成功，已查询到一条关于游客角色信息！', '2021-05-13 15:05:31'),
(888, 'admin', '110.188.58.29', 4, '编辑成功，游客的角色信息已被修改！', '2021-05-13 15:05:34'),
(889, 'admin', '110.188.58.29', 1, 'admin已安全退出本系统！', '2021-05-13 15:05:39'),
(890, 'wangwu', '110.188.58.29', 1, 'wangwu成功登入了校园选课系统！', '2021-05-13 15:05:51'),
(891, 'wangwu', '110.188.58.29', 9, '查询成功，已查询到一条关于游客角色信息！', '2021-05-13 15:06:12'),
(892, 'wangwu', '110.188.58.29', 4, '编辑成功，游客的角色信息已被修改！', '2021-05-13 15:06:14'),
(893, 'wangwu', '110.188.58.29', 9, '查询成功，已查询到一条关于游客角色信息！', '2021-05-13 15:21:17'),
(894, 'wangwu', '110.188.58.29', 4, '编辑成功，游客的角色信息已被修改！', '2021-05-13 15:21:19'),
(895, 'wangwu', '110.188.58.29', 9, '查询成功，已查询到一条关于游客角色信息！', '2021-05-13 15:24:40'),
(896, 'wangwu', '110.188.58.29', 5, '删除成功，lisi已从管理员列表中删除！', '2021-05-13 15:33:47'),
(897, 'wangwu', '110.188.58.29', 3, '添加成功，lisi已添加到管理员列表中！', '2021-05-13 15:49:14'),
(898, 'wangwu', '110.188.58.29', 9, '查询成功，已查询到一条关于游客角色信息！', '2021-05-13 16:17:13'),
(899, 'wangwu', '110.188.58.29', 9, '查询成功，已查询到一条关于游客角色信息！', '2021-05-13 16:18:43'),
(900, 'wangwu', '110.188.58.29', 4, '编辑成功，游客的角色信息已被修改！', '2021-05-13 16:20:42'),
(901, 'wangwu', '110.188.58.29', 9, '查询成功，已查询到一条关于游客角色信息！', '2021-05-13 16:20:46'),
(902, 'wangwu', '110.188.58.29', 8, '搜索用户成功，查询到3条数据！', '2021-05-13 16:20:58'),
(903, 'wangwu', '110.188.58.29', 9, '查询成功，已查询到一条关于观察者角色信息！', '2021-05-13 16:24:11'),
(904, 'admin', '110.188.58.29', 1, 'admin成功登入了校园选课系统！', '2021-05-13 16:24:58'),
(905, 'admin', '110.188.58.29', 9, '查询成功，已查询到一条关于游客角色信息！', '2021-05-13 16:25:17'),
(906, 'admin', '110.188.58.29', 4, '编辑成功，游客的角色信息已被修改！', '2021-05-13 16:25:28'),
(907, 'admin', '110.188.58.29', 9, '查询成功，已查询到一条关于游客角色信息！', '2021-05-13 16:25:44'),
(908, 'admin', '110.188.58.29', 4, '编辑成功，游客的角色信息已被修改！', '2021-05-13 16:25:47'),
(909, 'admin', '110.188.58.29', 9, '查询成功，已查询到一条关于游客角色信息！', '2021-05-13 16:26:10'),
(910, 'admin', '110.188.58.29', 4, '编辑成功，游客的角色信息已被修改！', '2021-05-13 16:26:12'),
(911, 'wangwu', '110.188.58.29', 1, 'wangwu已安全退出本系统！', '2021-05-13 16:27:32'),
(912, '17104199', '110.188.58.29', 1, '17104199成功登入了校园选课系统！', '2021-05-13 16:27:43'),
(913, '17104199', '110.188.58.29', 1, '17104199已安全退出本系统！', '2021-05-13 16:28:03'),
(914, '0004', '110.188.58.29', 1, '0004成功登入了校园选课系统！', '2021-05-13 16:28:16'),
(915, '0004', '110.188.58.29', 1, '0004已安全退出本系统！', '2021-05-13 16:28:54'),
(916, 'admin', '221.237.148.138', 1, 'admin成功登入了校园选课系统！', '2021-05-14 02:06:03'),
(917, 'admin', '221.237.148.138', 3, '添加失败，pengwanli该管理员已存在！', '2021-05-14 02:07:27'),
(918, 'admin', '221.237.148.138', 3, '添加失败，pengwanli该管理员已存在！', '2021-05-14 02:08:03'),
(919, 'admin', '221.237.148.138', 1, 'admin已安全退出本系统！', '2021-05-14 02:21:14'),
(920, 'admin', '221.237.148.138', 1, 'admin登录失败，密码错误！', '2021-05-14 02:22:42'),
(921, 'admin', '221.237.148.138', 1, 'admin成功登入了校园选课系统！', '2021-05-14 02:22:55'),
(922, 'admin', '221.237.148.138', 1, 'admin已安全退出本系统！', '2021-05-14 02:24:57'),
(923, 'zhangsan', '221.237.148.138', 1, 'zhangsan成功登入了校园选课系统！', '2021-05-14 02:25:13'),
(924, 'zhangsan', '221.237.148.138', 3, '添加成功，xiedahai已添加到管理员列表中！', '2021-05-14 02:28:33'),
(925, 'zhangsan', '221.237.148.138', 9, '查询成功，获取到一条关于xiedahai的信息!', '2021-05-14 02:31:13'),
(926, 'zhangsan', '221.237.148.138', 4, '编辑成功，xiedahai被修改成xiedahai!', '2021-05-14 02:31:48'),
(927, 'zhangsan', '221.237.148.138', 1, 'zhangsan已安全退出本系统！', '2021-05-14 02:39:29'),
(928, 'admin', '110.188.58.29', 1, 'admin成功登入了校园选课系统！', '2021-05-14 10:49:24'),
(929, 'admin', '110.188.58.29', 2, '15826353491验证失败，该手机号已验证！', '2021-05-14 10:50:37'),
(930, 'admin', '110.188.58.29', 9, '查询成功，获取到一条关于17100001学生的信息！', '2021-05-14 11:16:08'),
(931, 'admin', '110.188.58.29', 4, '编辑成功，17100001该学生信息已被修改！', '2021-05-14 11:16:13'),
(932, 'admin', '110.188.58.29', 9, '查询成功，获取到一条关于17100002学生的信息！', '2021-05-14 11:16:30'),
(933, 'admin', '110.188.58.29', 4, '编辑成功，17100002该学生信息已被修改！', '2021-05-14 11:16:33'),
(934, 'admin', '110.188.58.29', 3, '添加成功，17100003已添加到学生列表中！', '2021-05-14 11:17:17'),
(935, 'admin', '110.188.58.29', 3, '添加成功，17100004已添加到学生列表中！', '2021-05-14 11:17:54'),
(936, 'admin', '110.188.58.29', 3, '添加成功，17100006已添加到学生列表中！', '2021-05-14 11:18:38'),
(937, 'admin', '110.188.58.29', 3, '添加成功，17100005已添加到学生列表中！', '2021-05-14 11:19:14'),
(938, 'admin', '110.188.58.29', 3, '添加成功，17100007已添加到学生列表中！', '2021-05-14 11:20:13'),
(939, 'admin', '110.188.58.29', 3, '添加成功，17100008已添加到学生列表中！', '2021-05-14 11:21:34'),
(940, 'admin', '110.188.58.29', 6, '状态修改成功，学生17100003的状态已被修改！', '2021-05-14 11:21:40'),
(941, 'admin', '110.188.58.29', 3, '添加成功，17100009已添加到学生列表中！', '2021-05-14 11:27:25'),
(942, 'admin', '110.188.58.29', 3, '添加成功，17100010已添加到学生列表中！', '2021-05-14 11:27:57'),
(943, 'admin', '110.188.58.29', 3, '添加成功，17100011已添加到学生列表中！', '2021-05-14 11:29:03'),
(944, 'admin', '110.188.58.29', 9, '查询成功，获取到一条关于17104199学生的信息！', '2021-05-14 11:31:06'),
(945, 'admin', '110.188.58.29', 1, 'admin已安全退出本系统！', '2021-05-14 11:37:10'),
(946, 'admin', '110.188.58.29', 1, 'admin成功登入了校园选课系统！', '2021-05-14 15:18:54'),
(947, 'admin', '110.188.58.29', 1, 'admin已安全退出本系统！', '2021-05-14 15:35:45'),
(948, 'admin', '221.237.150.209', 1, 'admin成功登入了校园选课系统！', '2021-05-15 01:39:46'),
(949, 'admin', '221.237.150.209', 3, '添加成功，软件工程概论该课程成功添加到课程列表中!', '2021-05-15 01:54:30'),
(950, 'admin', '221.237.150.209', 3, '添加成功，国际金融该课程成功添加到课程列表中!', '2021-05-15 01:55:47'),
(951, 'admin', '221.237.150.209', 3, '添加成功，市场营销学 该课程成功添加到课程列表中!', '2021-05-15 01:57:03'),
(952, 'admin', '221.237.150.209', 3, '添加成功，ERP企业模拟实训该课程成功添加到课程列表中!', '2021-05-15 01:58:23'),
(953, 'admin', '221.237.150.209', 3, '添加成功，投资学该课程成功添加到课程列表中!', '2021-05-15 01:59:06'),
(954, 'admin', '221.237.150.209', 3, '添加成功，管理学该课程成功添加到课程列表中!', '2021-05-15 01:59:48'),
(955, 'admin', '221.237.150.209', 3, '添加成功，宏观经济学该课程成功添加到课程列表中!', '2021-05-15 02:00:16'),
(956, 'admin', '221.237.150.209', 3, '添加成功，建筑制图该课程成功添加到课程列表中!', '2021-05-15 02:01:26'),
(957, 'admin', '221.237.150.209', 3, '添加成功，房屋建筑学该课程成功添加到课程列表中!', '2021-05-15 02:01:47'),
(958, 'admin', '221.237.150.209', 3, '添加成功，钢筋混凝土结构该课程成功添加到课程列表中!', '2021-05-15 02:02:13'),
(959, 'admin', '221.237.150.209', 1, 'admin已安全退出本系统！', '2021-05-15 02:17:15'),
(960, 'admin', '221.237.150.209', 1, 'admin成功登入了校园选课系统！', '2021-05-15 02:20:41'),
(961, 'admin', '221.237.150.209', 3, '添加成功，土力学与基础工程该课程成功添加到课程列表中!', '2021-05-15 02:23:53'),
(962, 'admin', '221.237.150.209', 3, '添加成功，建筑工程造价该课程成功添加到课程列表中!', '2021-05-15 02:24:26'),
(963, 'admin', '221.237.150.209', 3, '添加成功，施工组织设计该课程成功添加到课程列表中!', '2021-05-15 02:26:02'),
(964, 'admin', '221.237.150.209', 9, '查询成功，获取到一条关于施工组织设计课程的信息！', '2021-05-15 02:26:40'),
(965, 'admin', '221.237.150.209', 4, '编辑成功，施工组织设计该课程信息已被修改！', '2021-05-15 02:26:43'),
(966, 'admin', '221.237.150.209', 3, '添加成功，广告策划与制作该课程成功添加到课程列表中!', '2021-05-15 02:27:19'),
(967, 'admin', '221.237.150.209', 3, '添加成功，计算机辅助设计该课程成功添加到课程列表中!', '2021-05-15 02:27:47'),
(968, 'admin', '221.237.150.209', 9, '查询成功，获取到一条关于0001教师的信息！', '2021-05-15 02:28:52'),
(969, 'admin', '221.237.150.209', 4, '编辑成功，0001该教师信息已被修改！', '2021-05-15 02:29:14'),
(970, 'admin', '221.237.150.209', 9, '查询成功，获取到一条关于0002教师的信息！', '2021-05-15 02:29:22'),
(971, 'admin', '221.237.150.209', 4, '编辑成功，0002该教师信息已被修改！', '2021-05-15 02:30:10'),
(972, 'admin', '221.237.150.209', 9, '查询成功，获取到一条关于0003教师的信息！', '2021-05-15 02:30:16'),
(973, 'admin', '221.237.150.209', 4, '编辑成功，0003该教师信息已被修改！', '2021-05-15 02:30:31'),
(974, 'admin', '221.237.150.209', 9, '查询成功，获取到一条关于0004教师的信息！', '2021-05-15 02:30:40'),
(975, 'admin', '221.237.150.209', 4, '编辑成功，0004该教师信息已被修改！', '2021-05-15 02:30:52'),
(976, 'admin', '221.237.150.209', 3, '添加成功，0005已添加到教师列表中！', '2021-05-15 02:31:28'),
(977, 'admin', '221.237.150.209', 9, '查询成功，获取到一条关于0005教师的信息！', '2021-05-15 02:31:34'),
(978, 'admin', '221.237.150.209', 4, '编辑成功，0005该教师信息已被修改！', '2021-05-15 02:31:37'),
(979, 'admin', '221.237.150.209', 3, '添加成功，0006已添加到教师列表中！', '2021-05-15 02:32:09'),
(980, 'admin', '221.237.150.209', 3, '添加成功，0007已添加到教师列表中！', '2021-05-15 02:32:50'),
(981, 'admin', '221.237.150.209', 3, '添加成功，0008已添加到教师列表中！', '2021-05-15 02:33:20'),
(982, 'admin', '221.237.150.209', 3, '添加成功，0009已添加到教师列表中！', '2021-05-15 02:33:52'),
(983, 'admin', '221.237.150.209', 3, '添加成功，0010已添加到教师列表中！', '2021-05-15 02:34:17'),
(984, 'admin', '221.237.150.209', 3, '添加成功，0011已添加到教师列表中！', '2021-05-15 02:34:50'),
(985, 'admin', '221.237.150.209', 3, '添加成功，0012已添加到教师列表中！', '2021-05-15 02:35:29'),
(986, 'admin', '221.237.150.209', 3, '添加成功，0013已添加到教师列表中！', '2021-05-15 02:35:53'),
(987, 'admin', '221.237.150.209', 3, '添加成功，0014已添加到教师列表中！', '2021-05-15 02:36:34'),
(988, 'admin', '221.237.150.209', 3, '添加成功，0015已添加到教师列表中！', '2021-05-15 02:36:59'),
(989, 'admin', '221.237.150.209', 3, '添加成功，0016已添加到教师列表中！', '2021-05-15 02:37:43'),
(990, 'admin', '221.237.150.209', 3, '添加成功，0017已添加到教师列表中！', '2021-05-15 02:38:07'),
(991, 'admin', '221.237.150.209', 3, '添加成功，0018已添加到教师列表中！', '2021-05-15 02:38:40'),
(992, 'admin', '221.237.150.209', 3, '添加成功，0019已添加到教师列表中！', '2021-05-15 02:39:14'),
(993, 'admin', '221.237.150.209', 3, '添加成功，0020已添加到教师列表中！', '2021-05-15 02:39:41'),
(994, 'admin', '221.237.150.209', 3, '添加成功，0021已添加到教师列表中！', '2021-05-15 02:40:12'),
(995, 'admin', '221.237.150.209', 3, '添加成功，17100012已添加到学生列表中！', '2021-05-15 02:45:34'),
(996, 'admin', '221.237.150.209', 3, '添加成功，17100013已添加到学生列表中！', '2021-05-15 02:47:21'),
(997, 'admin', '221.237.150.209', 3, '添加成功，17100014已添加到学生列表中！', '2021-05-15 02:48:15'),
(998, 'admin', '221.237.150.209', 3, '添加成功，17100015已添加到学生列表中！', '2021-05-15 02:49:08'),
(999, 'admin', '221.237.150.209', 3, '添加成功，17100016已添加到学生列表中！', '2021-05-15 02:49:48'),
(1000, 'admin', '221.237.150.209', 3, '添加成功，17100017已添加到学生列表中！', '2021-05-15 02:50:30'),
(1001, 'admin', '221.237.150.209', 3, '添加成功，17100018已添加到学生列表中！', '2021-05-15 02:51:03'),
(1002, 'admin', '221.237.150.209', 3, '添加成功，17100019已添加到学生列表中！', '2021-05-15 02:51:40'),
(1003, 'admin', '221.237.150.209', 3, '添加成功，17100020已添加到学生列表中！', '2021-05-15 02:52:17'),
(1004, 'admin', '221.237.150.209', 3, '添加成功，17100021已添加到学生列表中！', '2021-05-15 02:52:44'),
(1005, 'admin', '221.237.150.209', 3, '添加成功，17100022已添加到学生列表中！', '2021-05-15 02:53:21'),
(1006, 'admin', '221.237.150.209', 6, '课程状态修改成功，计算机辅助设计该课程状态已被修改!', '2021-05-15 02:56:10'),
(1007, 'admin', '221.237.150.209', 3, '添加成功，17100023已添加到学生列表中！', '2021-05-15 02:58:46'),
(1008, 'admin', '221.237.150.209', 3, '添加成功，17100024已添加到学生列表中！', '2021-05-15 02:59:24'),
(1009, 'admin', '221.237.150.209', 3, '添加成功，17100025已添加到学生列表中！', '2021-05-15 02:59:53'),
(1010, 'admin', '221.237.150.209', 3, '添加成功，17100026已添加到学生列表中！', '2021-05-15 03:00:24'),
(1011, 'admin', '221.237.150.209', 3, '添加成功，17100027已添加到学生列表中！', '2021-05-15 03:00:53'),
(1012, 'admin', '221.237.150.209', 3, '添加成功，17100028已添加到学生列表中！', '2021-05-15 03:01:27'),
(1013, 'admin', '221.237.150.209', 3, '添加失败，17100028该学号已存在！', '2021-05-15 03:02:01'),
(1014, 'admin', '221.237.150.209', 3, '添加成功，17100029已添加到学生列表中！', '2021-05-15 03:02:06'),
(1015, 'admin', '221.237.150.209', 3, '添加成功，17100030已添加到学生列表中！', '2021-05-15 03:02:48'),
(1016, 'admin', '221.237.150.209', 1, 'admin已安全退出本系统！', '2021-05-15 03:04:07'),
(1017, '0005', '221.237.150.209', 1, '0005登录失败，验证码错误！', '2021-05-15 03:04:22'),
(1018, '0005', '221.237.150.209', 1, '0005成功登入了校园选课系统！', '2021-05-15 03:04:28'),
(1019, '0005', '221.237.150.209', 1, '0005已安全退出本系统！', '2021-05-15 03:05:00'),
(1020, '17104199', '221.237.150.209', 1, '17104199登录失败，验证码错误！', '2021-05-15 03:05:11'),
(1021, '17104199', '221.237.150.209', 1, '17104199成功登入了校园选课系统！', '2021-05-15 03:05:18'),
(1022, 'admin', '221.237.150.209', 1, 'admin成功登入了校园选课系统！', '2021-05-15 03:05:55'),
(1023, 'admin', '221.237.150.209', 4, '成功修改开放选课时间段！', '2021-05-15 03:06:35'),
(1024, 'admin', '221.237.150.209', 8, '筛选课程成功，筛选到6条数据！', '2021-05-15 03:07:28'),
(1025, 'admin', '221.237.150.209', 8, '筛选课程成功，筛选到6条数据！', '2021-05-15 03:08:09'),
(1026, 'admin', '221.237.150.209', 8, '筛选课程成功，筛选到7条数据！', '2021-05-15 03:08:49'),
(1027, 'admin', '221.237.150.209', 9, '查询成功，获取到一条关于java程序设计与开发课程的信息！', '2021-05-15 03:09:42'),
(1028, 'admin', '221.237.150.209', 4, '编辑成功，java程序设计与开发该课程信息已被修改！', '2021-05-15 03:09:48'),
(1029, 'admin', '221.237.150.209', 9, '查询成功，获取到一条关于前端开发课程的信息！', '2021-05-15 03:10:01'),
(1030, 'admin', '221.237.150.209', 4, '编辑成功，前端开发该课程信息已被修改！', '2021-05-15 03:10:05'),
(1031, 'admin', '221.237.150.209', 8, '筛选用户成功，已成功为你查询到31条数据！', '2021-05-15 03:11:09'),
(1032, 'admin', '221.237.150.209', 8, '筛选用户成功，已成功为你查询到31条数据！', '2021-05-15 03:11:56'),
(1033, 'admin', '221.237.150.209', 8, '筛选课程成功，筛选到7条数据！', '2021-05-15 03:16:06'),
(1034, 'admin', '221.237.150.209', 8, '筛选课程成功，筛选到6条数据！', '2021-05-15 03:16:23'),
(1035, 'admin', '221.237.150.209', 8, '筛选课程成功，筛选到6条数据！', '2021-05-15 03:16:28'),
(1036, 'admin', '221.237.150.209', 8, '筛选课程成功，筛选到2条数据！', '2021-05-15 03:16:34'),
(1037, '17104199', '221.237.150.209', 1, '17104199已安全退出本系统！', '2021-05-15 03:17:48'),
(1038, '17100001', '221.237.150.209', 1, '17100001成功登入了校园选课系统！', '2021-05-15 03:18:03'),
(1039, '17100001', '221.237.150.209', 1, '17100001已安全退出本系统！', '2021-05-15 03:18:37'),
(1040, '0002', '221.237.150.209', 1, '0002登录失败，验证码错误！', '2021-05-15 03:18:50'),
(1041, '0002', '221.237.150.209', 1, '0002登录失败，身份选择错误！', '2021-05-15 03:18:58'),
(1042, '17100002', '221.237.150.209', 1, '17100002成功登入了校园选课系统！', '2021-05-15 03:19:11'),
(1043, '17100002', '221.237.150.209', 1, '17100002已安全退出本系统！', '2021-05-15 03:19:55'),
(1044, '17100003', '221.237.150.209', 1, '17100003成功登入了校园选课系统！', '2021-05-15 03:20:07'),
(1045, '17100003', '221.237.150.209', 1, '17100003已安全退出本系统！', '2021-05-15 03:20:48'),
(1046, '17100004', '221.237.150.209', 1, '17100004成功登入了校园选课系统！', '2021-05-15 03:20:59'),
(1047, 'admin', '221.237.150.209', 3, '添加成功，建筑结构抗震该课程成功添加到课程列表中!', '2021-05-15 03:23:14'),
(1048, 'admin', '221.237.150.209', 6, '课程状态修改成功，建筑结构抗震该课程状态已被修改!', '2021-05-15 03:23:29'),
(1049, 'admin', '221.237.150.209', 3, '添加成功，0022已添加到教师列表中！', '2021-05-15 03:24:21'),
(1050, '17100004', '221.237.150.209', 1, '17100004已安全退出本系统！', '2021-05-15 03:29:29'),
(1051, '17100006', '221.237.150.209', 1, '17100006成功登入了校园选课系统！', '2021-05-15 03:29:59'),
(1052, 'admin', '221.237.150.209', 9, '查询成功，获取到一条关于前端开发课程的信息！', '2021-05-15 03:38:04'),
(1053, 'admin', '221.237.150.209', 4, '编辑成功，前端开发该课程信息已被修改！', '2021-05-15 03:38:09'),
(1054, '17100006', '221.237.150.209', 1, '17100006已安全退出本系统！', '2021-05-15 03:39:04'),
(1055, '0002', '221.237.150.209', 1, '0002成功登入了校园选课系统！', '2021-05-15 03:39:14'),
(1056, 'admin', '221.237.150.209', 9, '查询成功，获取到一条关于17100001学生的信息！', '2021-05-15 03:56:02'),
(1057, 'admin', '221.237.150.209', 4, '编辑成功，17100001该学生信息已被修改！', '2021-05-15 03:56:11'),
(1058, 'admin', '221.237.150.209', 3, '添加成功，17100031已添加到学生列表中！', '2021-05-15 03:57:42'),
(1059, 'admin', '221.237.150.209', 3, '添加成功，17100032已添加到学生列表中！', '2021-05-15 03:58:26'),
(1060, 'admin', '221.237.150.209', 3, '添加成功，17100033已添加到学生列表中！', '2021-05-15 03:58:50'),
(1061, 'admin', '221.237.150.209', 3, '添加成功，17100034已添加到学生列表中！', '2021-05-15 03:59:18'),
(1062, 'admin', '221.237.150.209', 1, 'admin已安全退出本系统！', '2021-05-15 04:03:41'),
(1063, '17100030', '221.237.150.209', 1, '17100030登录失败，密码错误！', '2021-05-15 04:03:53'),
(1064, 'admin', '221.237.150.209', 1, 'admin成功登入了校园选课系统！', '2021-05-15 04:04:09'),
(1065, 'admin', '221.237.150.209', 8, '筛选用户成功，已成功为你查询到35条数据！', '2021-05-15 04:04:30'),
(1066, 'admin', '221.237.150.209', 7, '密码修改成功，学生17100030密码已被重置！', '2021-05-15 04:05:11'),
(1067, 'admin', '221.237.150.209', 1, 'admin已安全退出本系统！', '2021-05-15 04:05:26'),
(1068, '17100030', '221.237.150.209', 1, '17100030登录失败，密码错误！', '2021-05-15 04:05:37'),
(1069, '17100030', '221.237.150.209', 1, '17100030成功登入了校园选课系统！', '2021-05-15 04:05:48'),
(1070, '17100030', '221.237.150.209', 1, '17100030已安全退出本系统！', '2021-05-15 04:08:25'),
(1071, '17100031', '221.237.150.209', 1, '17100031成功登入了校园选课系统！', '2021-05-15 04:08:37'),
(1072, '0002', '221.237.150.209', 1, '0002已安全退出本系统！', '2021-05-15 04:12:15'),
(1073, '0002', '221.237.150.209', 1, '0002成功登入了校园选课系统！', '2021-05-15 04:12:37'),
(1074, '17100031', '221.237.150.209', 1, '17100031已安全退出本系统！', '2021-05-15 04:14:50'),
(1075, '17100032', '221.237.150.209', 1, '17100032成功登入了校园选课系统！', '2021-05-15 04:15:09'),
(1076, '17100032', '221.237.150.209', 1, '17100032已安全退出本系统！', '2021-05-15 04:16:03'),
(1077, '17100034', '221.237.150.209', 1, '17100034成功登入了校园选课系统！', '2021-05-15 04:16:20'),
(1078, '17100034', '221.237.150.209', 1, '17100034已安全退出本系统！', '2021-05-15 04:17:04'),
(1079, '17100033', '221.237.150.209', 1, '17100033成功登入了校园选课系统！', '2021-05-15 04:17:14'),
(1080, '17100033', '221.237.150.209', 1, '17100033已安全退出本系统！', '2021-05-15 04:18:54'),
(1081, '0002', '221.237.150.209', 1, '0002已安全退出本系统！', '2021-05-15 04:19:01'),
(1082, 'admin', '221.237.150.209', 1, 'admin成功登入了校园选课系统！', '2021-05-15 04:19:13'),
(1083, 'admin', '221.237.150.209', 1, 'admin已安全退出本系统！', '2021-05-15 04:21:15');

-- --------------------------------------------------------

--
-- 表的结构 `major`
--

CREATE TABLE IF NOT EXISTS `major` (
  `id` int(50) NOT NULL COMMENT '专业id',
  `name` varchar(50) NOT NULL COMMENT '专业名称',
  `category` varchar(30) NOT NULL COMMENT '专业类别'
) ENGINE=InnoDB AUTO_INCREMENT=28 DEFAULT CHARSET=utf8;

--
-- 转存表中的数据 `major`
--

INSERT INTO `major` (`id`, `name`, `category`) VALUES
(1, '国际经济与贸易', '经济学'),
(2, '法学', '法学'),
(3, '网络与新媒体', '文学'),
(4, '机械设计制造及其自动化', '工学'),
(5, '机械电子工程', '工学'),
(6, '电气工程及其自动化', '工学'),
(7, '电子信息工程', '工学 '),
(8, '软件工程', '工学 '),
(9, '物联网工程', '工学 '),
(10, '土木工程', '工学 '),
(11, '建筑环境与能源应用工程', '工学 '),
(12, '给排水科学与工程', '工学 '),
(13, '建筑学', '工学 '),
(14, '城乡规划', '工学 '),
(15, '风景园林', '工学 '),
(16, '工程管理', '管理学'),
(17, '工程造价', '管理学'),
(18, '工商管理', '管理学'),
(19, '市场营销', '管理学'),
(20, '人力资源管理', '管理学'),
(21, '会计学', '管理学'),
(22, '视觉传达设计', '艺术学'),
(23, '环境设计', '艺术学'),
(24, '会记', '专科类'),
(25, '建筑工程技术', '专科类'),
(26, '工程造价', '专科类'),
(27, '艺术设计', '专科类');

-- --------------------------------------------------------

--
-- 表的结构 `manager`
--

CREATE TABLE IF NOT EXISTS `manager` (
  `id` int(11) NOT NULL,
  `name` varchar(16) NOT NULL,
  `account` varchar(32) NOT NULL,
  `role` int(2) NOT NULL COMMENT '1普通管理员 2超级管理员 3 开发 ..',
  `sex` int(2) NOT NULL COMMENT '0女  1男',
  `phone` varchar(12) DEFAULT NULL,
  `status` int(2) NOT NULL COMMENT '0 禁用  1启用',
  `email` varchar(50) DEFAULT NULL,
  `phone_check` int(2) NOT NULL COMMENT '0 未验证 1 验证'
) ENGINE=InnoDB AUTO_INCREMENT=20 DEFAULT CHARSET=utf8;

--
-- 转存表中的数据 `manager`
--

INSERT INTO `manager` (`id`, `name`, `account`, `role`, `sex`, `phone`, `status`, `email`, `phone_check`) VALUES
(1, 'yangsong', 'admin', 2, 0, '15826353491', 1, '2048400850@qq.com', 1),
(15, '张三', 'zhangsan', 3, 1, '15812341234', 1, '123@qq.com', 0),
(17, '王五', 'wangwu', 11, 1, '', 1, '', 0),
(18, '李四', 'lisi', 1, 0, '', 1, '', 0),
(19, '谢大海', 'xiedahai', 12, 1, '', 0, '', 0);

-- --------------------------------------------------------

--
-- 表的结构 `notice`
--

CREATE TABLE IF NOT EXISTS `notice` (
  `id` int(11) NOT NULL,
  `content` text NOT NULL COMMENT '公告内容'
) ENGINE=InnoDB AUTO_INCREMENT=2 DEFAULT CHARSET=utf8;

--
-- 转存表中的数据 `notice`
--

INSERT INTO `notice` (`id`, `content`) VALUES
(1, '<p style="text-align: center;"><span style="color: #e03e2d; font-size: 24pt;"><strong>重庆大学城市科技学院电气信息学院文件</strong></span></p>\n<p style="text-align: center;">&nbsp;</p>\n<p style="text-align: center;"><span style="font-size: 14pt;">重大城科电[2020] 15号</span></p>\n<p style="text-align: center;"><span style="color: #e03e2d;"><strong>&mdash;&mdash;&mdash;&mdash;&mdash;&mdash;&mdash;&mdash;&mdash;&mdash;&mdash;&mdash;&mdash;&mdash;&mdash;&mdash;&mdash;&mdash;&mdash;&mdash;&mdash;&mdash;&mdash;&mdash;&mdash;&mdash;&mdash;&mdash;&mdash;&mdash;&mdash;&mdash;&mdash;&mdash;&mdash;&mdash;&mdash;&mdash;</strong></span></p>\n<p style="text-align: center;"><strong>电气信息学院</strong></p>\n<p style="text-align: center;"><strong>关于开展2021届选课工作的</strong></p>\n<p style="text-align: center;"><strong>通&nbsp;&nbsp; 知</strong></p>');

-- --------------------------------------------------------

--
-- 表的结构 `power`
--

CREATE TABLE IF NOT EXISTS `power` (
  `id` int(20) NOT NULL,
  `name` int(2) NOT NULL COMMENT '0 查看 1 搜索 2 添加  3 修改 4 删除 5 清空'
) ENGINE=InnoDB AUTO_INCREMENT=7 DEFAULT CHARSET=utf8;

--
-- 转存表中的数据 `power`
--

INSERT INTO `power` (`id`, `name`) VALUES
(1, 0),
(2, 1),
(3, 2),
(4, 3),
(5, 4),
(6, 5);

-- --------------------------------------------------------

--
-- 表的结构 `role`
--

CREATE TABLE IF NOT EXISTS `role` (
  `rid` int(20) NOT NULL,
  `role_name` varchar(10) NOT NULL COMMENT '角色名字 ',
  `power` varchar(20) NOT NULL COMMENT '权限 0 查看 1 搜索  2 添加 3 修改 4 删除 5 清空'
) ENGINE=InnoDB AUTO_INCREMENT=13 DEFAULT CHARSET=utf8;

--
-- 转存表中的数据 `role`
--

INSERT INTO `role` (`rid`, `role_name`, `power`) VALUES
(1, '普通管理员', '0,1,2,3,4'),
(2, '超级管理员', '0,1,2,3,4,5'),
(3, '开发者', '0,1,2,3,4,5'),
(11, '游客', '0,1,3'),
(12, '观察者', '0,1');

-- --------------------------------------------------------

--
-- 表的结构 `student`
--

CREATE TABLE IF NOT EXISTS `student` (
  `id` int(11) NOT NULL,
  `name` varchar(16) NOT NULL,
  `account` int(10) NOT NULL COMMENT '学号 作为登录账号',
  `sex` int(2) NOT NULL COMMENT '0 女 1 男',
  `grade` int(2) NOT NULL COMMENT '班级',
  `major` int(3) NOT NULL COMMENT '专业',
  `college` int(3) NOT NULL COMMENT '学院',
  `year` int(9) NOT NULL COMMENT '（2017级）',
  `phone` varchar(12) DEFAULT NULL,
  `course_score` int(5) DEFAULT NULL COMMENT '课程分数',
  `selected_course` int(10) DEFAULT NULL COMMENT '已选课程 以id来表示',
  `email` varchar(25) DEFAULT NULL COMMENT '邮箱',
  `phone_check` int(2) NOT NULL COMMENT '0 表示未验证 1 已验证',
  `status` int(2) NOT NULL COMMENT '0 表是禁用 1 启用'
) ENGINE=InnoDB AUTO_INCREMENT=53 DEFAULT CHARSET=utf8 COMMENT='学生信息表';

--
-- 转存表中的数据 `student`
--

INSERT INTO `student` (`id`, `name`, `account`, `sex`, `grade`, `major`, `college`, `year`, `phone`, `course_score`, `selected_course`, `email`, `phone_check`, `status`) VALUES
(18, 'yangsong', 17104199, 1, 4, 16, 1, 3, '17353124567', 79, 6, '1@qq.com', 0, 1),
(19, '张星星', 17100001, 0, 10, 9, 1, 3, '', 99, 6, '', 0, 1),
(20, '李昊林', 17100002, 0, 10, 2, 6, 4, '', NULL, NULL, '', 0, 1),
(21, '冯浩哲', 17100003, 1, 8, 13, 4, 3, '', NULL, NULL, '', 0, 1),
(22, '伍炫丞', 17100004, 1, 8, 14, 3, 3, '', NULL, 24, '', 0, 1),
(23, '向昊宇', 17100006, 1, 12, 9, 1, 3, '', NULL, 6, '', 0, 1),
(24, '黄昱晨', 17100005, 0, 4, 20, 7, 3, '', NULL, NULL, '', 0, 1),
(25, '田玮淇', 17100007, 0, 4, 2, 5, 3, '', NULL, NULL, '', 0, 1),
(26, '毛彦迪', 17100008, 0, 10, 15, 5, 4, '', NULL, NULL, '', 0, 1),
(27, '文诗月', 17100009, 1, 4, 21, 6, 5, '', NULL, NULL, '', 0, 1),
(28, '曾诗芮', 17100010, 1, 9, 8, 1, 3, '', NULL, NULL, '', 0, 1),
(29, '刘苏元', 17100011, 0, 4, 13, 4, 3, '', NULL, NULL, '', 0, 1),
(30, '廖洪量', 17100012, 1, 8, 13, 2, 3, '', NULL, NULL, '', 0, 1),
(31, '吉素艳', 17100013, 1, 7, 27, 6, 3, '', NULL, NULL, '', 0, 1),
(32, '邱发英', 17100014, 1, 4, 13, 2, 3, '', NULL, NULL, '', 0, 1),
(33, '仲鸿宇', 17100015, 1, 6, 1, 5, 3, '', NULL, NULL, '', 0, 1),
(34, '于训林', 17100016, 1, 1, 19, 5, 3, '', NULL, NULL, '', 0, 1),
(35, '王亚飞', 17100017, 0, 10, 8, 5, 3, '', NULL, NULL, '', 0, 1),
(36, '邵少波', 17100018, 1, 10, 17, 5, 3, '', NULL, NULL, '', 0, 1),
(37, '庞小文', 17100019, 1, 2, 11, 2, 3, '', NULL, NULL, '', 0, 1),
(38, '马小婷', 17100020, 0, 7, 22, 6, 3, '', NULL, NULL, '', 0, 1),
(39, '沈小琴', 17100021, 0, 2, 22, 6, 3, '', NULL, NULL, '', 0, 1),
(40, '佟广瑞', 17100022, 1, 8, 10, 3, 3, '', NULL, NULL, '', 0, 1),
(41, '李远静', 17100023, 1, 4, 1, 5, 3, '', NULL, NULL, '', 0, 1),
(42, '汪少钦', 17100024, 1, 4, 13, 2, 3, '', NULL, NULL, '', 0, 1),
(43, '廖德雨', 17100025, 0, 4, 20, 5, 3, '', NULL, NULL, '', 0, 1),
(44, '曾秋妹', 17100026, 0, 10, 9, 1, 3, '', NULL, NULL, '', 0, 1),
(45, '袁云美', 17100027, 0, 11, 20, 7, 3, '', NULL, NULL, '', 0, 1),
(46, '梁重林', 17100028, 1, 11, 11, 2, 3, '', NULL, NULL, '', 0, 1),
(47, '张兆兵', 17100029, 1, 9, 12, 2, 3, '', NULL, NULL, '', 0, 1),
(48, '萧棉', 17100030, 1, 7, 7, 1, 3, '', NULL, 2, '', 0, 1),
(49, '孙文华', 17100031, 1, 10, 8, 1, 3, '', NULL, 2, '', 0, 1),
(50, '王海', 17100032, 1, 2, 8, 1, 3, '', NULL, 2, '', 0, 1),
(51, '张石山', 17100033, 1, 4, 8, 1, 3, '', NULL, 2, '', 0, 1),
(52, '吕文达', 17100034, 0, 12, 8, 1, 3, '', NULL, 2, '', 0, 1);

-- --------------------------------------------------------

--
-- 表的结构 `teacher`
--

CREATE TABLE IF NOT EXISTS `teacher` (
  `id` int(11) NOT NULL,
  `name` varchar(16) NOT NULL,
  `account` varchar(32) NOT NULL COMMENT '工号 作为登录账号',
  `sex` int(2) NOT NULL,
  `phone` varchar(12) DEFAULT NULL,
  `phone_check` int(2) NOT NULL COMMENT '0 号码未验证 1 已验证',
  `email` varchar(20) DEFAULT NULL,
  `position` varchar(10) DEFAULT NULL COMMENT '职位 职称',
  `status` int(2) NOT NULL COMMENT '0 禁用 1 启用',
  `course` int(10) DEFAULT NULL COMMENT '所授课程'
) ENGINE=InnoDB AUTO_INCREMENT=34 DEFAULT CHARSET=utf8;

--
-- 转存表中的数据 `teacher`
--

INSERT INTO `teacher` (`id`, `name`, `account`, `sex`, `phone`, `phone_check`, `email`, `position`, `status`, `course`) VALUES
(12, '杨红恩', '0001', 1, '13272537631', 0, '23156184@qq.om', '', 1, 1),
(13, '关夏飞', '0002', 0, '', 0, '', '教授', 1, 2),
(14, '阳子涛', '0003', 1, '', 0, '', '', 1, 5),
(15, '景凡', '0004', 1, '', 0, '', '副教授', 1, 6),
(16, '唐顶', '0005', 0, '', 0, '', '', 1, 7),
(17, '钟科强', '0006', 1, '', 0, '', '', 1, 8),
(18, '史霍飞', '0007', 0, '', 0, '', '', 1, 9),
(19, '伍玉雪', '0008', 1, '', 0, '', '', 1, 10),
(20, '苏春', '0009', 0, '', 0, '', '', 1, 11),
(21, '曲正新', '0010', 0, '', 0, '', '', 1, 12),
(22, '贺马林', '0011', 0, '', 0, '', '', 1, 13),
(23, '卫俊燕', '0012', 0, '', 0, '', '', 1, 14),
(24, '朱万阳', '0013', 1, '', 0, '', '', 1, 15),
(25, '蓝一静', '0014', 0, '', 0, '', '', 1, 16),
(26, '丁喜国', '0015', 1, '', 0, '', '', 1, 17),
(27, '廖持', '0016', 1, '', 0, '', '', 1, 18),
(28, '贺马林', '0017', 1, '', 0, '', '', 1, 19),
(29, '钱不住', '0018', 1, '', 0, '', '', 1, 20),
(30, '简琴', '0019', 1, '', 0, '', '', 1, 21),
(31, '何树秀', '0020', 0, '', 0, '', '', 1, 22),
(32, '程效东', '0021', 1, '', 0, '', '', 1, 23),
(33, '程浩', '0022', 1, '', 0, '', '', 1, 24);

-- --------------------------------------------------------

--
-- 表的结构 `teacherpj`
--

CREATE TABLE IF NOT EXISTS `teacherpj` (
  `id` int(10) NOT NULL,
  `teacher` int(10) NOT NULL COMMENT '评价的老师',
  `student` int(10) NOT NULL COMMENT '评价的学生',
  `content` text NOT NULL COMMENT '评价内容',
  `score` int(2) NOT NULL COMMENT '评价的分数',
  `create_time` timestamp NOT NULL DEFAULT CURRENT_TIMESTAMP COMMENT '评价的时间'
) ENGINE=InnoDB AUTO_INCREMENT=5 DEFAULT CHARSET=utf8;

--
-- 转存表中的数据 `teacherpj`
--

INSERT INTO `teacherpj` (`id`, `teacher`, `student`, `content`, `score`, `create_time`) VALUES
(1, 15, 17104199, '很好的一位教师，太喜欢跟他混了，天天上课打瞌睡呢\n\n真的，不骗人！！选他课选他课', 5, '2021-04-11 07:15:08'),
(2, 33, 17100004, '真好，太爱这位老师了！！', 5, '2021-05-15 03:29:09'),
(3, 13, 17100030, '这位老师尽心尽力，非常的勤奋，再这位老师的带领下，我逐渐走上前端这条不归路。', 5, '2021-05-15 04:08:12'),
(4, 13, 17100031, '老师很复责，精心尽力，费劲心思教好每一位学生，我愿意给满分！！', 5, '2021-05-15 04:12:22');

-- --------------------------------------------------------

--
-- 表的结构 `time`
--

CREATE TABLE IF NOT EXISTS `time` (
  `id` int(10) NOT NULL,
  `start_time` text COMMENT '开始选课时间',
  `end_time` text COMMENT '结束选课时间',
  `start_time_data` text NOT NULL COMMENT 'json格式起始时间',
  `end_time_data` text NOT NULL COMMENT 'json格式截止时间'
) ENGINE=InnoDB AUTO_INCREMENT=2 DEFAULT CHARSET=utf8;

--
-- 转存表中的数据 `time`
--

INSERT INTO `time` (`id`, `start_time`, `end_time`, `start_time_data`, `end_time_data`) VALUES
(1, '2021年05月15日 09:30', '2021年05月19日 18:30', '{"year":2021,"month":5,"date":15,"hours":9,"minutes":30,"seconds":0}', '{"year":2021,"month":5,"date":19,"hours":18,"minutes":30,"seconds":0}');

-- --------------------------------------------------------

--
-- 表的结构 `user`
--

CREATE TABLE IF NOT EXISTS `user` (
  `id` int(11) NOT NULL,
  `account` varchar(16) NOT NULL COMMENT '学生和老师的学号即为账号',
  `password` varchar(32) NOT NULL,
  `type` int(2) NOT NULL COMMENT '0为管理员 1为学生 2为教师'
) ENGINE=InnoDB AUTO_INCREMENT=118 DEFAULT CHARSET=utf8;

--
-- 转存表中的数据 `user`
--

INSERT INTO `user` (`id`, `account`, `password`, `type`) VALUES
(1, 'admin', 'e10adc3949ba59abbe56e057f20f883e', 0),
(55, '0001', 'e10adc3949ba59abbe56e057f20f883e', 2),
(56, '0002', 'e10adc3949ba59abbe56e057f20f883e', 2),
(57, '17104199', 'e10adc3949ba59abbe56e057f20f883e', 1),
(58, 'zhangsan', 'e10adc3949ba59abbe56e057f20f883e', 0),
(59, '0003', '81dc9bdb52d04dc20036dbd8313ed055', 2),
(60, '0004', 'e10adc3949ba59abbe56e057f20f883e', 2),
(61, '17100001', 'e10adc3949ba59abbe56e057f20f883e', 1),
(62, '17100002', 'e10adc3949ba59abbe56e057f20f883e', 1),
(64, 'wangwu', 'e10adc3949ba59abbe56e057f20f883e', 0),
(65, 'lisi', 'e10adc3949ba59abbe56e057f20f883e', 0),
(66, 'pengwanli', 'e10adc3949ba59abbe56e057f20f883e', 0),
(67, 'xiedahai', 'a3f0bec59cebeb60553ec80bbfd5dfdf', 0),
(68, '17100003', 'e10adc3949ba59abbe56e057f20f883e', 1),
(69, '17100004', 'e10adc3949ba59abbe56e057f20f883e', 1),
(70, '17100006', 'e10adc3949ba59abbe56e057f20f883e', 1),
(71, '17100005', 'e10adc3949ba59abbe56e057f20f883e', 1),
(72, '17100007', 'e10adc3949ba59abbe56e057f20f883e', 1),
(73, '17100008', 'e10adc3949ba59abbe56e057f20f883e', 1),
(74, '17100009', 'e10adc3949ba59abbe56e057f20f883e', 1),
(75, '17100010', 'e10adc3949ba59abbe56e057f20f883e', 1),
(76, '17100011', 'e10adc3949ba59abbe56e057f20f883e', 1),
(77, '0005', 'e10adc3949ba59abbe56e057f20f883e', 2),
(78, '0006', 'e10adc3949ba59abbe56e057f20f883e', 2),
(79, '0007', 'e10adc3949ba59abbe56e057f20f883e', 2),
(80, '0008', 'e10adc3949ba59abbe56e057f20f883e', 2),
(81, '0009', 'e10adc3949ba59abbe56e057f20f883e', 2),
(82, '0010', 'e10adc3949ba59abbe56e057f20f883e', 2),
(83, '0011', 'e10adc3949ba59abbe56e057f20f883e', 2),
(84, '0012', 'e10adc3949ba59abbe56e057f20f883e', 2),
(85, '0013', 'e10adc3949ba59abbe56e057f20f883e', 2),
(86, '0014', 'e10adc3949ba59abbe56e057f20f883e', 2),
(87, '0015', 'e10adc3949ba59abbe56e057f20f883e', 2),
(88, '0016', 'e10adc3949ba59abbe56e057f20f883e', 2),
(89, '0017', 'e10adc3949ba59abbe56e057f20f883e', 2),
(90, '0018', 'e10adc3949ba59abbe56e057f20f883e', 2),
(91, '0019', 'e10adc3949ba59abbe56e057f20f883e', 2),
(92, '0020', 'e10adc3949ba59abbe56e057f20f883e', 2),
(93, '0021', 'e10adc3949ba59abbe56e057f20f883e', 2),
(94, '17100012', 'e10adc3949ba59abbe56e057f20f883e', 1),
(95, '17100013', 'e10adc3949ba59abbe56e057f20f883e', 1),
(96, '17100014', 'e10adc3949ba59abbe56e057f20f883e', 1),
(97, '17100015', 'e10adc3949ba59abbe56e057f20f883e', 1),
(98, '17100016', 'e10adc3949ba59abbe56e057f20f883e', 1),
(99, '17100017', 'e10adc3949ba59abbe56e057f20f883e', 1),
(100, '17100018', 'e10adc3949ba59abbe56e057f20f883e', 1),
(101, '17100019', 'e10adc3949ba59abbe56e057f20f883e', 1),
(102, '17100020', 'e10adc3949ba59abbe56e057f20f883e', 1),
(103, '17100021', 'e10adc3949ba59abbe56e057f20f883e', 1),
(104, '17100022', 'e10adc3949ba59abbe56e057f20f883e', 1),
(105, '17100023', 'e10adc3949ba59abbe56e057f20f883e', 1),
(106, '17100024', 'e10adc3949ba59abbe56e057f20f883e', 1),
(107, '17100025', 'e10adc3949ba59abbe56e057f20f883e', 1),
(108, '17100026', 'e10adc3949ba59abbe56e057f20f883e', 1),
(109, '17100027', 'e10adc3949ba59abbe56e057f20f883e', 1),
(110, '17100028', 'e10adc3949ba59abbe56e057f20f883e', 1),
(111, '17100029', 'e10adc3949ba59abbe56e057f20f883e', 1),
(112, '17100030', 'e10adc3949ba59abbe56e057f20f883e', 1),
(113, '0022', 'e10adc3949ba59abbe56e057f20f883e', 2),
(114, '17100031', 'e10adc3949ba59abbe56e057f20f883e', 1),
(115, '17100032', 'e10adc3949ba59abbe56e057f20f883e', 1),
(116, '17100033', 'e10adc3949ba59abbe56e057f20f883e', 1),
(117, '17100034', 'e10adc3949ba59abbe56e057f20f883e', 1);

-- --------------------------------------------------------

--
-- 表的结构 `year`
--

CREATE TABLE IF NOT EXISTS `year` (
  `id` int(11) NOT NULL,
  `name` varchar(20) NOT NULL COMMENT '年级名称'
) ENGINE=InnoDB AUTO_INCREMENT=7 DEFAULT CHARSET=utf8;

--
-- 转存表中的数据 `year`
--

INSERT INTO `year` (`id`, `name`) VALUES
(1, '2015级'),
(2, '2016级'),
(3, '2017级'),
(4, '2018级'),
(5, '2019级'),
(6, '2020级');

--
-- Indexes for dumped tables
--

--
-- Indexes for table `college`
--
ALTER TABLE `college`
  ADD PRIMARY KEY (`id`);

--
-- Indexes for table `config`
--
ALTER TABLE `config`
  ADD PRIMARY KEY (`id`);

--
-- Indexes for table `course`
--
ALTER TABLE `course`
  ADD PRIMARY KEY (`cid`);

--
-- Indexes for table `coursepj`
--
ALTER TABLE `coursepj`
  ADD PRIMARY KEY (`id`);

--
-- Indexes for table `grade`
--
ALTER TABLE `grade`
  ADD PRIMARY KEY (`id`);

--
-- Indexes for table `log`
--
ALTER TABLE `log`
  ADD PRIMARY KEY (`id`);

--
-- Indexes for table `major`
--
ALTER TABLE `major`
  ADD PRIMARY KEY (`id`);

--
-- Indexes for table `manager`
--
ALTER TABLE `manager`
  ADD PRIMARY KEY (`id`);

--
-- Indexes for table `notice`
--
ALTER TABLE `notice`
  ADD PRIMARY KEY (`id`);

--
-- Indexes for table `power`
--
ALTER TABLE `power`
  ADD PRIMARY KEY (`id`);

--
-- Indexes for table `role`
--
ALTER TABLE `role`
  ADD PRIMARY KEY (`rid`);

--
-- Indexes for table `student`
--
ALTER TABLE `student`
  ADD PRIMARY KEY (`id`);

--
-- Indexes for table `teacher`
--
ALTER TABLE `teacher`
  ADD PRIMARY KEY (`id`);

--
-- Indexes for table `teacherpj`
--
ALTER TABLE `teacherpj`
  ADD PRIMARY KEY (`id`);

--
-- Indexes for table `time`
--
ALTER TABLE `time`
  ADD PRIMARY KEY (`id`);

--
-- Indexes for table `user`
--
ALTER TABLE `user`
  ADD PRIMARY KEY (`id`);

--
-- Indexes for table `year`
--
ALTER TABLE `year`
  ADD PRIMARY KEY (`id`);

--
-- AUTO_INCREMENT for dumped tables
--

--
-- AUTO_INCREMENT for table `college`
--
ALTER TABLE `college`
  MODIFY `id` int(50) NOT NULL AUTO_INCREMENT COMMENT '学院id',AUTO_INCREMENT=8;
--
-- AUTO_INCREMENT for table `config`
--
ALTER TABLE `config`
  MODIFY `id` int(11) NOT NULL AUTO_INCREMENT,AUTO_INCREMENT=2;
--
-- AUTO_INCREMENT for table `course`
--
ALTER TABLE `course`
  MODIFY `cid` int(11) NOT NULL AUTO_INCREMENT,AUTO_INCREMENT=25;
--
-- AUTO_INCREMENT for table `coursepj`
--
ALTER TABLE `coursepj`
  MODIFY `id` int(5) NOT NULL AUTO_INCREMENT,AUTO_INCREMENT=8;
--
-- AUTO_INCREMENT for table `grade`
--
ALTER TABLE `grade`
  MODIFY `id` int(11) NOT NULL AUTO_INCREMENT COMMENT '班级id',AUTO_INCREMENT=13;
--
-- AUTO_INCREMENT for table `log`
--
ALTER TABLE `log`
  MODIFY `id` int(10) NOT NULL AUTO_INCREMENT,AUTO_INCREMENT=1084;
--
-- AUTO_INCREMENT for table `major`
--
ALTER TABLE `major`
  MODIFY `id` int(50) NOT NULL AUTO_INCREMENT COMMENT '专业id',AUTO_INCREMENT=28;
--
-- AUTO_INCREMENT for table `manager`
--
ALTER TABLE `manager`
  MODIFY `id` int(11) NOT NULL AUTO_INCREMENT,AUTO_INCREMENT=20;
--
-- AUTO_INCREMENT for table `notice`
--
ALTER TABLE `notice`
  MODIFY `id` int(11) NOT NULL AUTO_INCREMENT,AUTO_INCREMENT=2;
--
-- AUTO_INCREMENT for table `power`
--
ALTER TABLE `power`
  MODIFY `id` int(20) NOT NULL AUTO_INCREMENT,AUTO_INCREMENT=7;
--
-- AUTO_INCREMENT for table `role`
--
ALTER TABLE `role`
  MODIFY `rid` int(20) NOT NULL AUTO_INCREMENT,AUTO_INCREMENT=13;
--
-- AUTO_INCREMENT for table `student`
--
ALTER TABLE `student`
  MODIFY `id` int(11) NOT NULL AUTO_INCREMENT,AUTO_INCREMENT=53;
--
-- AUTO_INCREMENT for table `teacher`
--
ALTER TABLE `teacher`
  MODIFY `id` int(11) NOT NULL AUTO_INCREMENT,AUTO_INCREMENT=34;
--
-- AUTO_INCREMENT for table `teacherpj`
--
ALTER TABLE `teacherpj`
  MODIFY `id` int(10) NOT NULL AUTO_INCREMENT,AUTO_INCREMENT=5;
--
-- AUTO_INCREMENT for table `time`
--
ALTER TABLE `time`
  MODIFY `id` int(10) NOT NULL AUTO_INCREMENT,AUTO_INCREMENT=2;
--
-- AUTO_INCREMENT for table `user`
--
ALTER TABLE `user`
  MODIFY `id` int(11) NOT NULL AUTO_INCREMENT,AUTO_INCREMENT=118;
--
-- AUTO_INCREMENT for table `year`
--
ALTER TABLE `year`
  MODIFY `id` int(11) NOT NULL AUTO_INCREMENT,AUTO_INCREMENT=7;
/*!40101 SET CHARACTER_SET_CLIENT=@OLD_CHARACTER_SET_CLIENT */;
/*!40101 SET CHARACTER_SET_RESULTS=@OLD_CHARACTER_SET_RESULTS */;
/*!40101 SET COLLATION_CONNECTION=@OLD_COLLATION_CONNECTION */;
